<?xml version = '1.0' encoding = 'UTF-8'?>
<Arc class="oracle.dbtools.crest.model.design.logical.Arc" directorySegmentName="seg_0" id="5DC31E62-40B7-D8F5-D1D1-E1CA14AE7E29" name="Arc_1">
<createdBy>balal</createdBy>
<createdTime>2020-11-06 12:50:32 UTC</createdTime>
<ownerDesignName>Schema 1</ownerDesignName>
<engineerTo>
<item key="9D924961-DC15-A485-94DC-E5245B3B365F" value="true"/>
</engineerTo>
<entity>DA27D4C1-6AF4-F2FD-5F96-FADEB2B64207</entity>
<relations>
<relationID>398B40BD-E7BA-B1DD-700C-85325B5D3570</relationID>
<relationID>3E24BDA7-3A62-93FB-5D07-2C61FB9BAB54</relationID>
</relations>
</Arc>