<?xml version = '1.0' encoding = 'UTF-8'?>
<InheritanceRelation class="oracle.dbtools.crest.model.design.logical.InheritanceRelation" name="Hierarchy_2" directorySegmentName="seg_0" id="28F84155-9E61-CBC7-FE97-65BFDF09DDB4">
<createdBy>balal</createdBy>
<createdTime>2020-11-06 12:43:31 UTC</createdTime>
<ownerDesignName>Schema 1</ownerDesignName>
<engineerTo>
<item key="9D924961-DC15-A485-94DC-E5245B3B365F" value="true"/>
</engineerTo>
<identifying>false</identifying>
<nameOnSource>Super Type</nameOnSource>
<nameOnTarget>Sub Type</nameOnTarget>
<optionalSource>true</optionalSource>
<optionalTarget>true</optionalTarget>
<sourceEntity>8BA68DF1-B250-E239-A992-0267162814DC</sourceEntity>
<targetEntity>4105B0A3-619B-31B8-EF80-67CF3F89E6C9</targetEntity>
<transferable>true</transferable>
<deleteRule>NO ACTION</deleteRule>
</InheritanceRelation>