<?xml version = '1.0' encoding = 'UTF-8'?>
<InheritanceRelation class="oracle.dbtools.crest.model.design.logical.InheritanceRelation" name="Hierarchy_1" directorySegmentName="seg_0" id="49DEA125-7094-3E3D-BB0E-E63243760138">
<createdBy>balal</createdBy>
<createdTime>2020-11-06 12:41:48 UTC</createdTime>
<ownerDesignName>Schema 1</ownerDesignName>
<engineerTo>
<item key="9D924961-DC15-A485-94DC-E5245B3B365F" value="true"/>
</engineerTo>
<identifying>false</identifying>
<nameOnSource>Super Type</nameOnSource>
<nameOnTarget>Sub Type</nameOnTarget>
<optionalSource>true</optionalSource>
<optionalTarget>true</optionalTarget>
<sourceEntity>8BA68DF1-B250-E239-A992-0267162814DC</sourceEntity>
<targetEntity>258CA0D9-2749-811A-FB7E-B9C8C8843A96</targetEntity>
<transferable>true</transferable>
<deleteRule>NO ACTION</deleteRule>
</InheritanceRelation>