<?xml version = '1.0' encoding = 'UTF-8'?>
<FKIndexAssociation class="oracle.dbtools.crest.model.design.relational.FKIndexAssociation" directorySegmentName="seg_0" id="01420B51-994D-72BE-2C47-65EF5F0D2151" containerWithKeyObject="677EE351-4251-43C1-26F3-FCABB5EF9C49" localFKIndex="DD648CDE-FD09-E8C2-669E-756610458EA2" name="FULL_TIME_FCY_FK">
<createdBy>balal</createdBy>
<createdTime>2020-11-06 12:51:58 UTC</createdTime>
<generatorID>49DEA125-7094-3E3D-BB0E-E63243760138</generatorID>
<ownerDesignName>academic</ownerDesignName>
<referredTableLongName>FACULTIES</referredTableLongName>
<arc>5FBFE57B-90DD-419C-F6FE-00FE49236C77</arc>
<deleteRule>NO ACTION</deleteRule>
<referredTableID>9AB19A82-852F-14F6-0349-5CA470F697EC</referredTableID>
<keyObject>6ED2FB41-13FE-1546-F97E-9999E7CF7DCA</keyObject>
<referredKeyID>6ED2FB41-13FE-1546-F97E-9999E7CF7DCA</referredKeyID>
<mandatory>true</mandatory>
<refColNames>ID</refColNames>
<transferable>true</transferable>
<rely>false</rely>
<columnDependencyConstraintGenerateInDDL>true</columnDependencyConstraintGenerateInDDL>
</FKIndexAssociation>