<?xml version = '1.0' encoding = 'UTF-8'?>
<FKIndexAssociation class="oracle.dbtools.crest.model.design.relational.FKIndexAssociation" directorySegmentName="seg_0" id="23E7EF5B-F9C0-97E2-657A-075EEE47F37D" containerWithKeyObject="E71B50A0-528E-CFA0-4CA2-3512A182C339" localFKIndex="3F0BB698-00A3-B0C2-FA92-9E3B8DE61DD1" name="FCY_CSE_DTL_CSE_FK">
<createdBy>balal</createdBy>
<createdTime>2020-11-06 12:51:58 UTC</createdTime>
<generatorID>A15D051A-CA90-6443-7025-AB8355BE11DF</generatorID>
<ownerDesignName>academic</ownerDesignName>
<referredTableLongName>COURSES</referredTableLongName>
<deleteRule>NO ACTION</deleteRule>
<referredTableID>043D67D5-BFD0-FC35-9DC9-63C280B7883F</referredTableID>
<keyObject>B584CCE4-051D-6D86-A6A4-F791EE101B6D</keyObject>
<referredKeyID>B584CCE4-051D-6D86-A6A4-F791EE101B6D</referredKeyID>
<mandatory>true</mandatory>
<refColNames>ID</refColNames>
<transferable>true</transferable>
<rely>false</rely>
<columnDependencyConstraintGenerateInDDL>true</columnDependencyConstraintGenerateInDDL>
</FKIndexAssociation>