<?xml version = '1.0' encoding = 'UTF-8'?>
<FKIndexAssociation class="oracle.dbtools.crest.model.design.relational.FKIndexAssociation" directorySegmentName="seg_0" id="3ADE2981-6252-C9DC-232B-93D5AC554627" containerWithKeyObject="043D67D5-BFD0-FC35-9DC9-63C280B7883F" localFKIndex="D4057B49-6870-CEC3-3DAC-DDF8140AA745" name="CSE_ONLINE_FK">
<createdBy>balal</createdBy>
<createdTime>2020-11-06 12:51:58 UTC</createdTime>
<generatorID>398B40BD-E7BA-B1DD-700C-85325B5D3570</generatorID>
<ownerDesignName>academic</ownerDesignName>
<referredTableLongName>ONLINE</referredTableLongName>
<arc>10AF3BB9-FCDA-DE9C-D68B-B03BB4EDAA61</arc>
<deleteRule>NO ACTION</deleteRule>
<referredTableID>24B8639B-FECF-A34A-61A1-3A82F2C15737</referredTableID>
<keyObject>514A1E9D-AA2F-8313-2691-E8BBB7EEFD78</keyObject>
<referredKeyID>514A1E9D-AA2F-8313-2691-E8BBB7EEFD78</referredKeyID>
<mandatory>false</mandatory>
<refColNames>LGN_ID</refColNames>
<transferable>true</transferable>
<rely>false</rely>
<columnDependencyConstraintGenerateInDDL>true</columnDependencyConstraintGenerateInDDL>
</FKIndexAssociation>