<?xml version = '1.0' encoding = 'UTF-8'?>
<FKIndexAssociation class="oracle.dbtools.crest.model.design.relational.FKIndexAssociation" directorySegmentName="seg_0" id="7514D206-A6EA-3398-9B04-C857698E18D1" containerWithKeyObject="E71B50A0-528E-CFA0-4CA2-3512A182C339" localFKIndex="E56EE239-128B-393F-016D-DB493B54F901" name="FCY_CSE_DTA_FCY_FK">
<createdBy>balal</createdBy>
<createdTime>2020-11-06 12:51:58 UTC</createdTime>
<generatorID>9FCC81DE-5CAF-3A4B-8283-08866FFB6C34</generatorID>
<ownerDesignName>academic</ownerDesignName>
<referredTableLongName>FACULTIES</referredTableLongName>
<deleteRule>NO ACTION</deleteRule>
<referredTableID>9AB19A82-852F-14F6-0349-5CA470F697EC</referredTableID>
<keyObject>6ED2FB41-13FE-1546-F97E-9999E7CF7DCA</keyObject>
<referredKeyID>6ED2FB41-13FE-1546-F97E-9999E7CF7DCA</referredKeyID>
<mandatory>true</mandatory>
<refColNames>ID</refColNames>
<transferable>true</transferable>
<rely>false</rely>
<columnDependencyConstraintGenerateInDDL>true</columnDependencyConstraintGenerateInDDL>
</FKIndexAssociation>