<?xml version = '1.0' encoding = 'UTF-8'?>
<FKIndexAssociation class="oracle.dbtools.crest.model.design.relational.FKIndexAssociation" directorySegmentName="seg_0" id="ADF268C7-E39B-7006-2FA2-022F0D5D0D3B" containerWithKeyObject="9AB19A82-852F-14F6-0349-5CA470F697EC" localFKIndex="6BB2C4FB-9B83-4AC5-F954-4150BD10401F" name="FCY_DPT_FK">
<createdBy>balal</createdBy>
<createdTime>2020-11-06 12:51:58 UTC</createdTime>
<generatorID>714D6131-3BB6-8BB8-45A8-D59C62E67AB0</generatorID>
<ownerDesignName>academic</ownerDesignName>
<referredTableLongName>DEPARTMENTS</referredTableLongName>
<deleteRule>NO ACTION</deleteRule>
<referredTableID>4CB5158E-93E1-7E88-83E5-E1FF44463E42</referredTableID>
<keyObject>04E59D19-A43F-88B8-A226-71EEC2F24B70</keyObject>
<referredKeyID>04E59D19-A43F-88B8-A226-71EEC2F24B70</referredKeyID>
<mandatory>true</mandatory>
<refColNames>ID</refColNames>
<transferable>true</transferable>
<rely>false</rely>
<columnDependencyConstraintGenerateInDDL>true</columnDependencyConstraintGenerateInDDL>
</FKIndexAssociation>