<?xml version = '1.0' encoding = 'UTF-8'?>
<FKIndexAssociation class="oracle.dbtools.crest.model.design.relational.FKIndexAssociation" directorySegmentName="seg_0" id="C510AE96-6FE7-FAA2-1E13-470D8B9C5408" containerWithKeyObject="871DE162-811E-6B48-4B12-323423456D5E" localFKIndex="A0BB31CF-85EC-2BC8-FC3F-4DABB545625B" name="PART_TIME_FCY_FK">
<createdBy>balal</createdBy>
<createdTime>2020-11-06 12:51:58 UTC</createdTime>
<generatorID>28F84155-9E61-CBC7-FE97-65BFDF09DDB4</generatorID>
<ownerDesignName>academic</ownerDesignName>
<referredTableLongName>FACULTIES</referredTableLongName>
<arc>5FBFE57B-90DD-419C-F6FE-00FE49236C77</arc>
<deleteRule>NO ACTION</deleteRule>
<referredTableID>9AB19A82-852F-14F6-0349-5CA470F697EC</referredTableID>
<keyObject>6ED2FB41-13FE-1546-F97E-9999E7CF7DCA</keyObject>
<referredKeyID>6ED2FB41-13FE-1546-F97E-9999E7CF7DCA</referredKeyID>
<mandatory>true</mandatory>
<refColNames>ID</refColNames>
<transferable>true</transferable>
<rely>false</rely>
<columnDependencyConstraintGenerateInDDL>true</columnDependencyConstraintGenerateInDDL>
</FKIndexAssociation>