<?xml version = '1.0' encoding = 'UTF-8'?>
<FKIndexAssociation class="oracle.dbtools.crest.model.design.relational.FKIndexAssociation" directorySegmentName="seg_0" id="F10F56A6-AEF4-CF88-47B3-C58B6A377DC1" containerWithKeyObject="043D67D5-BFD0-FC35-9DC9-63C280B7883F" localFKIndex="A8E66969-FE02-5483-330F-FA0D6FD48061" name="CSE_DPT_FK">
<createdBy>balal</createdBy>
<createdTime>2020-11-06 12:51:58 UTC</createdTime>
<generatorID>04D3DA43-E870-E8FD-BA27-613AC4775AA9</generatorID>
<ownerDesignName>academic</ownerDesignName>
<referredTableLongName>DEPARTMENTS</referredTableLongName>
<deleteRule>NO ACTION</deleteRule>
<referredTableID>4CB5158E-93E1-7E88-83E5-E1FF44463E42</referredTableID>
<keyObject>04E59D19-A43F-88B8-A226-71EEC2F24B70</keyObject>
<referredKeyID>04E59D19-A43F-88B8-A226-71EEC2F24B70</referredKeyID>
<mandatory>true</mandatory>
<refColNames>ID</refColNames>
<transferable>false</transferable>
<rely>false</rely>
<columnDependencyConstraintGenerateInDDL>true</columnDependencyConstraintGenerateInDDL>
</FKIndexAssociation>