<?xml version = '1.0' encoding = 'UTF-8'?>
<FKIndexAssociation class="oracle.dbtools.crest.model.design.relational.FKIndexAssociation" directorySegmentName="seg_0" id="FD4E9880-98B3-81A2-D5DA-6F82F872AD0C" containerWithKeyObject="043D67D5-BFD0-FC35-9DC9-63C280B7883F" localFKIndex="7F1E0817-1AC0-97EF-7DC2-7A755C025D05" name="CSE_SEATED_FK">
<createdBy>balal</createdBy>
<createdTime>2020-11-06 12:51:58 UTC</createdTime>
<generatorID>3E24BDA7-3A62-93FB-5D07-2C61FB9BAB54</generatorID>
<ownerDesignName>academic</ownerDesignName>
<referredTableLongName>SEATED</referredTableLongName>
<arc>10AF3BB9-FCDA-DE9C-D68B-B03BB4EDAA61</arc>
<deleteRule>NO ACTION</deleteRule>
<referredTableID>FFCF3450-8F68-8558-8E3A-83C336488FE6</referredTableID>
<keyObject>638C6F24-B91B-E885-ED66-43E35B4F114A</keyObject>
<referredKeyID>638C6F24-B91B-E885-ED66-43E35B4F114A</referredKeyID>
<mandatory>false</mandatory>
<refColNames>BLD,Room,DTE</refColNames>
<transferable>true</transferable>
<rely>false</rely>
<columnDependencyConstraintGenerateInDDL>true</columnDependencyConstraintGenerateInDDL>
</FKIndexAssociation>