<?xml version = '1.0' encoding = 'UTF-8'?>
<Relation class="oracle.dbtools.crest.model.design.logical.Relation" name="Relation_DPT_CRS" directorySegmentName="seg_0" id="04D3DA43-E870-E8FD-BA27-613AC4775AA9">
<createdBy>balal</createdBy>
<createdTime>2020-11-06 12:34:22 UTC</createdTime>
<ownerDesignName>academic</ownerDesignName>
<engineerTo>
<item key="9D924961-DC15-A485-94DC-E5245B3B365F" value="true"/>
</engineerTo>
<targetTransferable>false</targetTransferable>
<sourcePk>21A031F5-0CED-7058-6DE7-DB3486A81621</sourcePk>
<identifying>false</identifying>
<nameOnSource>offer</nameOnSource>
<nameOnTarget>offered by</nameOnTarget>
<optionalSource>true</optionalSource>
<optionalTarget>false</optionalTarget>
<sourceCardinality>1</sourceCardinality>
<sourceEntity>AD9582BF-65C9-F77A-EC13-B350AA9D426D</sourceEntity>
<targetCardinalityString>*</targetCardinalityString>
<targetEntity>DA27D4C1-6AF4-F2FD-5F96-FADEB2B64207</targetEntity>
<transferable>true</transferable>
<deleteRule>NO ACTION</deleteRule>
</Relation>