<?xml version = '1.0' encoding = 'UTF-8'?>
<Relation class="oracle.dbtools.crest.model.design.logical.Relation" name="Relation_5" directorySegmentName="seg_0" id="398B40BD-E7BA-B1DD-700C-85325B5D3570">
<createdBy>balal</createdBy>
<createdTime>2020-11-06 12:48:51 UTC</createdTime>
<ownerDesignName>academic</ownerDesignName>
<engineerTo>
<item key="9D924961-DC15-A485-94DC-E5245B3B365F" value="true"/>
</engineerTo>
<sourcePk>8D14BB03-F3DA-5FBB-7F20-4DF1D4A17980</sourcePk>
<arc>5DC31E62-40B7-D8F5-D1D1-E1CA14AE7E29</arc>
<identifying>false</identifying>
<nameOnSource>held</nameOnSource>
<nameOnTarget>host</nameOnTarget>
<optionalSource>false</optionalSource>
<optionalTarget>false</optionalTarget>
<sourceCardinality>1</sourceCardinality>
<sourceEntity>2D435DF4-5D80-1772-C451-087C879FA4D9</sourceEntity>
<targetCardinalityString>*</targetCardinalityString>
<targetEntity>DA27D4C1-6AF4-F2FD-5F96-FADEB2B64207</targetEntity>
<transferable>true</transferable>
<deleteRule>NO ACTION</deleteRule>
</Relation>