<?xml version = '1.0' encoding = 'UTF-8'?>
<Relation class="oracle.dbtools.crest.model.design.logical.Relation" name="Relation_6" directorySegmentName="seg_0" id="3E24BDA7-3A62-93FB-5D07-2C61FB9BAB54">
<createdBy>balal</createdBy>
<createdTime>2020-11-06 12:49:23 UTC</createdTime>
<ownerDesignName>academic</ownerDesignName>
<engineerTo>
<item key="9D924961-DC15-A485-94DC-E5245B3B365F" value="true"/>
</engineerTo>
<sourcePk>E4E5D5E6-1690-3721-2AB9-BF669B8AA031</sourcePk>
<arc>5DC31E62-40B7-D8F5-D1D1-E1CA14AE7E29</arc>
<identifying>false</identifying>
<nameOnSource>held</nameOnSource>
<nameOnTarget>host</nameOnTarget>
<optionalSource>false</optionalSource>
<optionalTarget>false</optionalTarget>
<sourceCardinality>1</sourceCardinality>
<sourceEntity>F01CD3F6-FECD-B7DD-4561-0B8967010BB5</sourceEntity>
<targetCardinalityString>*</targetCardinalityString>
<targetEntity>DA27D4C1-6AF4-F2FD-5F96-FADEB2B64207</targetEntity>
<transferable>true</transferable>
<deleteRule>NO ACTION</deleteRule>
</Relation>