<?xml version = '1.0' encoding = 'UTF-8'?>
<Relation class="oracle.dbtools.crest.model.design.logical.Relation" name="Relation_2" directorySegmentName="seg_0" id="714D6131-3BB6-8BB8-45A8-D59C62E67AB0">
<createdBy>balal</createdBy>
<createdTime>2020-11-06 12:38:02 UTC</createdTime>
<ownerDesignName>academic</ownerDesignName>
<engineerTo>
<item key="9D924961-DC15-A485-94DC-E5245B3B365F" value="true"/>
</engineerTo>
<sourcePk>21A031F5-0CED-7058-6DE7-DB3486A81621</sourcePk>
<identifying>false</identifying>
<nameOnSource>Contain</nameOnSource>
<nameOnTarget>belong to</nameOnTarget>
<optionalSource>true</optionalSource>
<optionalTarget>false</optionalTarget>
<sourceCardinality>1</sourceCardinality>
<sourceEntity>AD9582BF-65C9-F77A-EC13-B350AA9D426D</sourceEntity>
<targetCardinalityString>*</targetCardinalityString>
<targetEntity>8BA68DF1-B250-E239-A992-0267162814DC</targetEntity>
<transferable>true</transferable>
<deleteRule>NO ACTION</deleteRule>
</Relation>