<?xml version = '1.0' encoding = 'UTF-8'?>
<Relation class="oracle.dbtools.crest.model.design.logical.Relation" name="Relation_9" directorySegmentName="seg_0" id="9D3A5D4C-2648-5FB5-BE50-1C5C48262D47">
<createdBy>balal</createdBy>
<createdTime>2020-11-08 12:40:49 UTC</createdTime>
<ownerDesignName>academic</ownerDesignName>
<engineerTo>
<item key="9D924961-DC15-A485-94DC-E5245B3B365F" value="true"/>
</engineerTo>
<sourcePk>7552ED32-1531-96A6-09CD-DA9458513F01</sourcePk>
<identifying>true</identifying>
<nameOnSource>have</nameOnSource>
<nameOnTarget>be for</nameOnTarget>
<optionalSource>true</optionalSource>
<optionalTarget>false</optionalTarget>
<sourceCardinality>1</sourceCardinality>
<sourceEntity>DA27D4C1-6AF4-F2FD-5F96-FADEB2B64207</sourceEntity>
<targetCardinalityString>*</targetCardinalityString>
<targetEntity>33587CF8-10C5-C188-3FA0-84E02753985F</targetEntity>
<transferable>true</transferable>
<deleteRule>NO ACTION</deleteRule>
</Relation>