<?xml version = '1.0' encoding = 'UTF-8'?>
<Relation class="oracle.dbtools.crest.model.design.logical.Relation" name="Relation_3" directorySegmentName="seg_0" id="9FCC81DE-5CAF-3A4B-8283-08866FFB6C34">
<createdBy>balal</createdBy>
<createdTime>2020-11-06 12:40:37 UTC</createdTime>
<ownerDesignName>academic</ownerDesignName>
<engineerTo>
<item key="9D924961-DC15-A485-94DC-E5245B3B365F" value="true"/>
</engineerTo>
<sourcePk>943B6295-EEAA-CB67-A095-378BC923195E</sourcePk>
<identifying>true</identifying>
<nameOnSource>have</nameOnSource>
<nameOnTarget>be for</nameOnTarget>
<optionalSource>true</optionalSource>
<optionalTarget>false</optionalTarget>
<sourceCardinality>1</sourceCardinality>
<sourceEntity>8BA68DF1-B250-E239-A992-0267162814DC</sourceEntity>
<targetCardinalityString>*</targetCardinalityString>
<targetEntity>33587CF8-10C5-C188-3FA0-84E02753985F</targetEntity>
<transferable>true</transferable>
<deleteRule>NO ACTION</deleteRule>
</Relation>