<?xml version = '1.0' encoding = 'UTF-8'?>
<Entity class="oracle.dbtools.crest.model.design.logical.Entity" directorySegmentName="seg_0" id="258CA0D9-2749-811A-FB7E-B9C8C8843A96" name="FULL TIME">
<createdBy>balal</createdBy>
<createdTime>2020-11-06 12:41:40 UTC</createdTime>
<ownerDesignName>academic</ownerDesignName>
<engineerTo>
<item key="9D924961-DC15-A485-94DC-E5245B3B365F" value="true"/>
</engineerTo>
<adequatelyNormalized>NO</adequatelyNormalized>
<expectedVolumes>0</expectedVolumes>
<fwdEngineeringStrategyName>Single Table</fwdEngineeringStrategyName>
<growthPercent>0</growthPercent>
<growthType>Year</growthType>
<hierarchicalParent>8BA68DF1-B250-E239-A992-0267162814DC</hierarchicalParent>
<maxVolumes>9999999</maxVolumes>
<minVolumes>0</minVolumes>
<normalForm>Third</normalForm>
<attributes itemClass="oracle.dbtools.crest.model.design.logical.Attribute">
<Attribute name="Salary" id="4A2DC6FC-4751-99DE-1561-E0FF2AAD5034">
<createdBy>balal</createdBy>
<createdTime>2020-11-06 12:41:57 UTC</createdTime>
<ownerDesignName>academic</ownerDesignName>
<engineerTo>
<item key="9D924961-DC15-A485-94DC-E5245B3B365F" value="true"/>
</engineerTo>
<useDomainConstraints>false</useDomainConstraints>
<use>1</use>
<logicalDatatype>LOGDT019</logicalDatatype>
<dataTypePrecision>4</dataTypePrecision>
<dataTypeScale>2</dataTypeScale>
<ownDataTypeParameters>,4,2</ownDataTypeParameters>
</Attribute>
<Attribute name="Insurance" id="F742608F-37B1-6697-E3E8-474EF873B017">
<createdBy>balal</createdBy>
<createdTime>2020-11-06 12:42:09 UTC</createdTime>
<ownerDesignName>academic</ownerDesignName>
<engineerTo>
<item key="9D924961-DC15-A485-94DC-E5245B3B365F" value="true"/>
</engineerTo>
<nullsAllowed>true</nullsAllowed>
<useDomainConstraints>false</useDomainConstraints>
<use>1</use>
<logicalDatatype>LOGDT024</logicalDatatype>
<dataTypeSize>20 CHAR</dataTypeSize>
<ownDataTypeParameters>20 CHAR,,</ownDataTypeParameters>
</Attribute>
</attributes>
</Entity>