<?xml version = '1.0' encoding = 'UTF-8'?>
<Entity class="oracle.dbtools.crest.model.design.logical.Entity" directorySegmentName="seg_0" id="2D435DF4-5D80-1772-C451-087C879FA4D9" name="ONLINE">
<createdBy>balal</createdBy>
<createdTime>2020-11-06 12:45:50 UTC</createdTime>
<ownerDesignName>academic</ownerDesignName>
<engineerTo>
<item key="9D924961-DC15-A485-94DC-E5245B3B365F" value="true"/>
</engineerTo>
<adequatelyNormalized>NO</adequatelyNormalized>
<expectedVolumes>0</expectedVolumes>
<fwdEngineeringStrategyName>Single Table</fwdEngineeringStrategyName>
<growthPercent>0</growthPercent>
<growthType>Year</growthType>
<maxVolumes>9999999</maxVolumes>
<minVolumes>0</minVolumes>
<normalForm>Third</normalForm>
<attributes itemClass="oracle.dbtools.crest.model.design.logical.Attribute">
<Attribute name="Logon ID" id="907EE7B6-730C-7B78-36CB-DFC02E6BF590">
<createdBy>balal</createdBy>
<createdTime>2020-11-06 12:45:57 UTC</createdTime>
<ownerDesignName>academic</ownerDesignName>
<engineerTo>
<item key="9D924961-DC15-A485-94DC-E5245B3B365F" value="true"/>
</engineerTo>
<useDomainConstraints>false</useDomainConstraints>
<use>1</use>
<logicalDatatype>LOGDT019</logicalDatatype>
<dataTypePrecision>3</dataTypePrecision>
<ownDataTypeParameters>,3,</ownDataTypeParameters>
</Attribute>
<Attribute name="Password" id="441D76C6-8E90-315D-8C65-F2C91062516C">
<createdBy>balal</createdBy>
<createdTime>2020-11-06 12:46:20 UTC</createdTime>
<ownerDesignName>academic</ownerDesignName>
<engineerTo>
<item key="9D924961-DC15-A485-94DC-E5245B3B365F" value="true"/>
</engineerTo>
<nullsAllowed>true</nullsAllowed>
<useDomainConstraints>false</useDomainConstraints>
<use>1</use>
<logicalDatatype>LOGDT024</logicalDatatype>
<dataTypeSize>12 CHAR</dataTypeSize>
<ownDataTypeParameters>12 CHAR,,</ownDataTypeParameters>
</Attribute>
</attributes>
<identifiers itemClass="oracle.dbtools.crest.model.design.logical.CandidateKey">
<identifier id="8D14BB03-F3DA-5FBB-7F20-4DF1D4A17980" name="ONLINE PK">
<createdBy>balal</createdBy>
<createdTime>2020-11-06 12:46:02 UTC</createdTime>
<ownerDesignName>academic</ownerDesignName>
<shouldEngineer>false</shouldEngineer>
<engineerTo>
<item key="9D924961-DC15-A485-94DC-E5245B3B365F" value="false"/>
</engineerTo>
<pk>true</pk>
<usedAttributes>
<attributeRef>907EE7B6-730C-7B78-36CB-DFC02E6BF590</attributeRef>
</usedAttributes>
</identifier>
</identifiers>
</Entity>