<?xml version = '1.0' encoding = 'UTF-8'?>
<Entity class="oracle.dbtools.crest.model.design.logical.Entity" directorySegmentName="seg_0" id="33587CF8-10C5-C188-3FA0-84E02753985F" name="FACULTY COURSE DETAIL">
<createdBy>balal</createdBy>
<createdTime>2020-11-06 12:39:06 UTC</createdTime>
<ownerDesignName>academic</ownerDesignName>
<engineerTo>
<item key="9D924961-DC15-A485-94DC-E5245B3B365F" value="true"/>
</engineerTo>
<adequatelyNormalized>NO</adequatelyNormalized>
<expectedVolumes>0</expectedVolumes>
<fwdEngineeringStrategyName>Single Table</fwdEngineeringStrategyName>
<growthPercent>0</growthPercent>
<growthType>Year</growthType>
<maxVolumes>9999999</maxVolumes>
<minVolumes>0</minVolumes>
<normalForm>Third</normalForm>
<attributes itemClass="oracle.dbtools.crest.model.design.logical.Attribute">
<Attribute name="Contact Hours" id="68605D45-7F7D-390C-4624-F8BBCC73F838">
<createdBy>balal</createdBy>
<createdTime>2020-11-06 12:39:28 UTC</createdTime>
<ownerDesignName>academic</ownerDesignName>
<engineerTo>
<item key="9D924961-DC15-A485-94DC-E5245B3B365F" value="true"/>
</engineerTo>
<useDomainConstraints>false</useDomainConstraints>
<use>1</use>
<logicalDatatype>LOGDT019</logicalDatatype>
<dataTypePrecision>4</dataTypePrecision>
<ownDataTypeParameters>,4,</ownDataTypeParameters>
</Attribute>
<Attribute name="ID" id="4B516564-8559-3F37-B306-8A1F32587FFF">
<createdBy>balal</createdBy>
<createdTime>2020-11-06 12:40:37 UTC</createdTime>
<generatorID>9FCC81DE-5CAF-3A4B-8283-08866FFB6C34</generatorID>
<ownerDesignName>academic</ownerDesignName>
<engineerTo>
<item key="9D924961-DC15-A485-94DC-E5245B3B365F" value="true"/>
</engineerTo>
<referedAttribute>42D5881D-F6BD-F226-2248-1211821EF392</referedAttribute>
<useDomainConstraints>false</useDomainConstraints>
<use>1</use>
<logicalDatatype>LOGDT019</logicalDatatype>
<dataTypePrecision>3</dataTypePrecision>
<ownDataTypeParameters>,,</ownDataTypeParameters>
</Attribute>
<Attribute name="ID1" id="FE0D55D2-A682-3563-D118-700F266FFEAD">
<createdBy>balal</createdBy>
<createdTime>2020-11-08 12:40:49 UTC</createdTime>
<generatorID>9D3A5D4C-2648-5FB5-BE50-1C5C48262D47</generatorID>
<ownerDesignName>academic</ownerDesignName>
<engineerTo>
<item key="9D924961-DC15-A485-94DC-E5245B3B365F" value="true"/>
</engineerTo>
<referedAttribute>2E252762-7A89-AE7F-ADAA-ABB9895A5DAB</referedAttribute>
<useDomainConstraints>false</useDomainConstraints>
<use>1</use>
<logicalDatatype>LOGDT019</logicalDatatype>
<dataTypePrecision>3</dataTypePrecision>
<ownDataTypeParameters>,,</ownDataTypeParameters>
</Attribute>
</attributes>
<identifiers itemClass="oracle.dbtools.crest.model.design.logical.CandidateKey">
<identifier id="7B27BF1C-4C42-773E-5B51-1E1D3DE7076B" name="FACULTY COURSE DETAIL PK">
<createdBy>balal</createdBy>
<createdTime>2020-11-06 12:40:37 UTC</createdTime>
<ownerDesignName>academic</ownerDesignName>
<engineerTo>
<item key="9D924961-DC15-A485-94DC-E5245B3B365F" value="true"/>
</engineerTo>
<pk>true</pk>
<usedAttributes>
<attributeRef>4B516564-8559-3F37-B306-8A1F32587FFF</attributeRef>
<attributeRef>FE0D55D2-A682-3563-D118-700F266FFEAD</attributeRef>
</usedAttributes>
</identifier>
</identifiers>
</Entity>