<?xml version = '1.0' encoding = 'UTF-8'?>
<Entity class="oracle.dbtools.crest.model.design.logical.Entity" directorySegmentName="seg_0" id="8BA68DF1-B250-E239-A992-0267162814DC" name="FACULTY">
<createdBy>balal</createdBy>
<createdTime>2020-11-06 12:35:22 UTC</createdTime>
<ownerDesignName>academic</ownerDesignName>
<engineerTo>
<item key="9D924961-DC15-A485-94DC-E5245B3B365F" value="true"/>
</engineerTo>
<adequatelyNormalized>NO</adequatelyNormalized>
<expectedVolumes>0</expectedVolumes>
<fwdEngineeringStrategyName>Single Table</fwdEngineeringStrategyName>
<growthPercent>0</growthPercent>
<growthType>Year</growthType>
<maxVolumes>9999999</maxVolumes>
<minVolumes>0</minVolumes>
<normalForm>Third</normalForm>
<attributes itemClass="oracle.dbtools.crest.model.design.logical.Attribute">
<Attribute name="ID" id="42D5881D-F6BD-F226-2248-1211821EF392">
<createdBy>balal</createdBy>
<createdTime>2020-11-06 12:35:32 UTC</createdTime>
<ownerDesignName>academic</ownerDesignName>
<engineerTo>
<item key="9D924961-DC15-A485-94DC-E5245B3B365F" value="true"/>
</engineerTo>
<useDomainConstraints>false</useDomainConstraints>
<use>1</use>
<logicalDatatype>LOGDT019</logicalDatatype>
<dataTypePrecision>3</dataTypePrecision>
<ownDataTypeParameters>,3,</ownDataTypeParameters>
</Attribute>
<Attribute name="First Name" id="A28CC105-C7BF-5965-5FF2-B02F8C00AB07">
<createdBy>balal</createdBy>
<createdTime>2020-11-06 12:35:48 UTC</createdTime>
<ownerDesignName>academic</ownerDesignName>
<engineerTo>
<item key="9D924961-DC15-A485-94DC-E5245B3B365F" value="true"/>
</engineerTo>
<useDomainConstraints>false</useDomainConstraints>
<use>1</use>
<logicalDatatype>LOGDT024</logicalDatatype>
<dataTypeSize>20 CHAR</dataTypeSize>
<ownDataTypeParameters>20 CHAR,,</ownDataTypeParameters>
</Attribute>
<Attribute name="Last Name" id="792BBC47-E63F-ACA0-D768-E5440422FBEE">
<createdBy>balal</createdBy>
<createdTime>2020-11-06 12:36:18 UTC</createdTime>
<ownerDesignName>academic</ownerDesignName>
<engineerTo>
<item key="9D924961-DC15-A485-94DC-E5245B3B365F" value="true"/>
</engineerTo>
<useDomainConstraints>false</useDomainConstraints>
<use>1</use>
<logicalDatatype>LOGDT024</logicalDatatype>
<dataTypeSize>20 CHAR</dataTypeSize>
<ownDataTypeParameters>20 CHAR,,</ownDataTypeParameters>
</Attribute>
<Attribute name="Email" id="F118D7B8-2B82-5C45-3D40-C7D21B8E546C">
<createdBy>balal</createdBy>
<createdTime>2020-11-06 12:36:55 UTC</createdTime>
<ownerDesignName>academic</ownerDesignName>
<engineerTo>
<item key="9D924961-DC15-A485-94DC-E5245B3B365F" value="true"/>
</engineerTo>
<useDomainConstraints>false</useDomainConstraints>
<use>1</use>
<logicalDatatype>LOGDT024</logicalDatatype>
<dataTypeSize>50</dataTypeSize>
<ownDataTypeParameters>50,,</ownDataTypeParameters>
</Attribute>
<Attribute name="ID1" id="2651ADDB-8B93-6977-C75C-5579420C77B8">
<createdBy>balal</createdBy>
<createdTime>2020-11-06 12:38:02 UTC</createdTime>
<generatorID>714D6131-3BB6-8BB8-45A8-D59C62E67AB0</generatorID>
<ownerDesignName>academic</ownerDesignName>
<engineerTo>
<item key="9D924961-DC15-A485-94DC-E5245B3B365F" value="true"/>
</engineerTo>
<referedAttribute>687F2478-B813-F3C6-76F8-ABBC60A42BFC</referedAttribute>
<useDomainConstraints>false</useDomainConstraints>
<use>1</use>
<logicalDatatype>LOGDT019</logicalDatatype>
<dataTypePrecision>3</dataTypePrecision>
<ownDataTypeParameters>,,</ownDataTypeParameters>
</Attribute>
</attributes>
<identifiers itemClass="oracle.dbtools.crest.model.design.logical.CandidateKey">
<identifier id="943B6295-EEAA-CB67-A095-378BC923195E" name="FACULTY PK">
<createdBy>balal</createdBy>
<createdTime>2020-11-06 12:35:45 UTC</createdTime>
<ownerDesignName>academic</ownerDesignName>
<engineerTo>
<item key="9D924961-DC15-A485-94DC-E5245B3B365F" value="true"/>
</engineerTo>
<pk>true</pk>
<usedAttributes>
<attributeRef>42D5881D-F6BD-F226-2248-1211821EF392</attributeRef>
</usedAttributes>
</identifier>
<identifier id="1FE11D02-8E78-1FF7-B6DC-BE04ECDF5FB9" name="Email UK">
<createdBy>balal</createdBy>
<createdTime>2020-11-06 12:37:12 UTC</createdTime>
<ownerDesignName>academic</ownerDesignName>
<engineerTo>
<item key="9D924961-DC15-A485-94DC-E5245B3B365F" value="true"/>
</engineerTo>
<newElementsIDs>F118D7B8-2B82-5C45-3D40-C7D21B8E546C</newElementsIDs>
<usedAttributes>
<attributeRef>F118D7B8-2B82-5C45-3D40-C7D21B8E546C</attributeRef>
</usedAttributes>
</identifier>
</identifiers>
</Entity>