<?xml version = '1.0' encoding = 'UTF-8'?>
<Entity class="oracle.dbtools.crest.model.design.logical.Entity" directorySegmentName="seg_0" id="AD9582BF-65C9-F77A-EC13-B350AA9D426D" name="DEPARTMENT">
<createdBy>balal</createdBy>
<createdTime>2020-11-06 12:27:57 UTC</createdTime>
<ownerDesignName>academic</ownerDesignName>
<engineerTo>
<item key="9D924961-DC15-A485-94DC-E5245B3B365F" value="true"/>
</engineerTo>
<adequatelyNormalized>NO</adequatelyNormalized>
<expectedVolumes>0</expectedVolumes>
<fwdEngineeringStrategyName>Single Table</fwdEngineeringStrategyName>
<growthPercent>0</growthPercent>
<growthType>Year</growthType>
<maxVolumes>9999999</maxVolumes>
<minVolumes>0</minVolumes>
<normalForm>Third</normalForm>
<attributes itemClass="oracle.dbtools.crest.model.design.logical.Attribute">
<Attribute name="ID" id="687F2478-B813-F3C6-76F8-ABBC60A42BFC">
<createdBy>balal</createdBy>
<createdTime>2020-11-06 12:28:37 UTC</createdTime>
<ownerDesignName>academic</ownerDesignName>
<engineerTo>
<item key="9D924961-DC15-A485-94DC-E5245B3B365F" value="true"/>
</engineerTo>
<useDomainConstraints>false</useDomainConstraints>
<use>1</use>
<logicalDatatype>LOGDT019</logicalDatatype>
<dataTypePrecision>3</dataTypePrecision>
<ownDataTypeParameters>,3,</ownDataTypeParameters>
</Attribute>
<Attribute name="Name" id="6FE54EE8-AB25-42CA-1954-F6AFDAEF275D">
<createdBy>balal</createdBy>
<createdTime>2020-11-06 12:31:11 UTC</createdTime>
<ownerDesignName>academic</ownerDesignName>
<engineerTo>
<item key="9D924961-DC15-A485-94DC-E5245B3B365F" value="true"/>
</engineerTo>
<useDomainConstraints>false</useDomainConstraints>
<use>1</use>
<logicalDatatype>LOGDT024</logicalDatatype>
<dataTypeSize>40 CHAR</dataTypeSize>
<ownDataTypeParameters>40 CHAR,,</ownDataTypeParameters>
</Attribute>
<Attribute name="Head" id="E487C6F1-0BFB-58FF-B608-327B6C9F0CAE">
<createdBy>balal</createdBy>
<createdTime>2020-11-06 12:32:33 UTC</createdTime>
<ownerDesignName>academic</ownerDesignName>
<engineerTo>
<item key="9D924961-DC15-A485-94DC-E5245B3B365F" value="true"/>
</engineerTo>
<nullsAllowed>true</nullsAllowed>
<useDomainConstraints>false</useDomainConstraints>
<use>1</use>
<logicalDatatype>LOGDT024</logicalDatatype>
<dataTypeSize>20 CHAR</dataTypeSize>
<ownDataTypeParameters>20 CHAR,,</ownDataTypeParameters>
</Attribute>
</attributes>
<identifiers itemClass="oracle.dbtools.crest.model.design.logical.CandidateKey">
<identifier id="21A031F5-0CED-7058-6DE7-DB3486A81621" name="DEPARTMENT PK">
<createdBy>balal</createdBy>
<createdTime>2020-11-06 12:31:06 UTC</createdTime>
<ownerDesignName>academic</ownerDesignName>
<engineerTo>
<item key="9D924961-DC15-A485-94DC-E5245B3B365F" value="true"/>
</engineerTo>
<pk>true</pk>
<usedAttributes>
<attributeRef>687F2478-B813-F3C6-76F8-ABBC60A42BFC</attributeRef>
</usedAttributes>
</identifier>
</identifiers>
</Entity>