<?xml version = '1.0' encoding = 'UTF-8'?>
<Entity class="oracle.dbtools.crest.model.design.logical.Entity" directorySegmentName="seg_0" id="DA27D4C1-6AF4-F2FD-5F96-FADEB2B64207" name="COURSE">
<createdBy>balal</createdBy>
<createdTime>2020-11-06 12:33:38 UTC</createdTime>
<ownerDesignName>academic</ownerDesignName>
<engineerTo>
<item key="9D924961-DC15-A485-94DC-E5245B3B365F" value="true"/>
</engineerTo>
<adequatelyNormalized>NO</adequatelyNormalized>
<expectedVolumes>0</expectedVolumes>
<fwdEngineeringStrategyName>Single Table</fwdEngineeringStrategyName>
<growthPercent>0</growthPercent>
<growthType>Year</growthType>
<maxVolumes>9999999</maxVolumes>
<minVolumes>0</minVolumes>
<normalForm>Third</normalForm>
<attributes itemClass="oracle.dbtools.crest.model.design.logical.Attribute">
<Attribute name="ID" id="2E252762-7A89-AE7F-ADAA-ABB9895A5DAB">
<createdBy>balal</createdBy>
<createdTime>2020-11-06 12:33:44 UTC</createdTime>
<ownerDesignName>academic</ownerDesignName>
<engineerTo>
<item key="9D924961-DC15-A485-94DC-E5245B3B365F" value="true"/>
</engineerTo>
<useDomainConstraints>false</useDomainConstraints>
<use>1</use>
<logicalDatatype>LOGDT019</logicalDatatype>
<dataTypePrecision>3</dataTypePrecision>
<ownDataTypeParameters>,3,</ownDataTypeParameters>
</Attribute>
<Attribute name="Name" id="9547A94C-0641-8A52-D8D7-A4DAF3014FE9">
<createdBy>balal</createdBy>
<createdTime>2020-11-06 12:33:56 UTC</createdTime>
<ownerDesignName>academic</ownerDesignName>
<engineerTo>
<item key="9D924961-DC15-A485-94DC-E5245B3B365F" value="true"/>
</engineerTo>
<useDomainConstraints>false</useDomainConstraints>
<use>1</use>
<logicalDatatype>LOGDT024</logicalDatatype>
<dataTypeSize>40 CHAR</dataTypeSize>
<ownDataTypeParameters>40 CHAR,,</ownDataTypeParameters>
</Attribute>
<Attribute name="ID1" id="47919BEE-42BA-0881-F2EE-FE394F4DE5F2">
<createdBy>balal</createdBy>
<createdTime>2020-11-06 12:34:22 UTC</createdTime>
<generatorID>04D3DA43-E870-E8FD-BA27-613AC4775AA9</generatorID>
<ownerDesignName>academic</ownerDesignName>
<engineerTo>
<item key="9D924961-DC15-A485-94DC-E5245B3B365F" value="true"/>
</engineerTo>
<referedAttribute>687F2478-B813-F3C6-76F8-ABBC60A42BFC</referedAttribute>
<useDomainConstraints>false</useDomainConstraints>
<use>1</use>
<logicalDatatype>LOGDT019</logicalDatatype>
<dataTypePrecision>3</dataTypePrecision>
<ownDataTypeParameters>,3,</ownDataTypeParameters>
</Attribute>
<Attribute name="Logon ID" id="8C2C04E4-26D7-A38B-DE1B-F2ED3313CB09">
<createdBy>balal</createdBy>
<createdTime>2020-11-06 12:48:51 UTC</createdTime>
<generatorID>398B40BD-E7BA-B1DD-700C-85325B5D3570</generatorID>
<ownerDesignName>academic</ownerDesignName>
<engineerTo>
<item key="9D924961-DC15-A485-94DC-E5245B3B365F" value="true"/>
</engineerTo>
<referedAttribute>907EE7B6-730C-7B78-36CB-DFC02E6BF590</referedAttribute>
<useDomainConstraints>false</useDomainConstraints>
<use>1</use>
<logicalDatatype>LOGDT019</logicalDatatype>
<dataTypePrecision>3</dataTypePrecision>
<ownDataTypeParameters>,3,</ownDataTypeParameters>
</Attribute>
<Attribute name="Building" id="0A65A148-360F-EA47-C797-9FA654A7B1ED">
<createdBy>balal</createdBy>
<createdTime>2020-11-06 12:49:23 UTC</createdTime>
<generatorID>3E24BDA7-3A62-93FB-5D07-2C61FB9BAB54</generatorID>
<ownerDesignName>academic</ownerDesignName>
<engineerTo>
<item key="9D924961-DC15-A485-94DC-E5245B3B365F" value="true"/>
</engineerTo>
<referedAttribute>D752E3A1-975B-878A-C00B-8645C420D1EC</referedAttribute>
<useDomainConstraints>false</useDomainConstraints>
<use>1</use>
<logicalDatatype>LOGDT024</logicalDatatype>
<dataTypeSize>10 CHAR</dataTypeSize>
<ownDataTypeParameters>10 CHAR,,</ownDataTypeParameters>
</Attribute>
<Attribute name="Room" id="3CF71011-A1AA-77AE-474D-96014DEDF1CC">
<createdBy>balal</createdBy>
<createdTime>2020-11-06 12:49:23 UTC</createdTime>
<generatorID>3E24BDA7-3A62-93FB-5D07-2C61FB9BAB54</generatorID>
<ownerDesignName>academic</ownerDesignName>
<engineerTo>
<item key="9D924961-DC15-A485-94DC-E5245B3B365F" value="true"/>
</engineerTo>
<referedAttribute>200FA31A-26CC-762B-427D-922BDCD6EEA5</referedAttribute>
<useDomainConstraints>false</useDomainConstraints>
<use>1</use>
<logicalDatatype>LOGDT024</logicalDatatype>
<dataTypeSize>20 CHAR</dataTypeSize>
<ownDataTypeParameters>20 CHAR,,</ownDataTypeParameters>
</Attribute>
<Attribute name="Date" id="5FE3EE1B-CD2E-2EE0-57EB-4CA1CB4F9708">
<createdBy>balal</createdBy>
<createdTime>2020-11-06 12:49:23 UTC</createdTime>
<generatorID>3E24BDA7-3A62-93FB-5D07-2C61FB9BAB54</generatorID>
<ownerDesignName>academic</ownerDesignName>
<engineerTo>
<item key="9D924961-DC15-A485-94DC-E5245B3B365F" value="true"/>
</engineerTo>
<referedAttribute>F61DE40B-D455-D7AE-B5CF-03E9D42FDA83</referedAttribute>
<useDomainConstraints>false</useDomainConstraints>
<use>1</use>
<logicalDatatype>LOGDT007</logicalDatatype>
<ownDataTypeParameters>,,</ownDataTypeParameters>
</Attribute>
</attributes>
<identifiers itemClass="oracle.dbtools.crest.model.design.logical.CandidateKey">
<identifier id="7552ED32-1531-96A6-09CD-DA9458513F01" name="COURSE PK">
<createdBy>balal</createdBy>
<createdTime>2020-11-06 12:34:10 UTC</createdTime>
<ownerDesignName>academic</ownerDesignName>
<engineerTo>
<item key="9D924961-DC15-A485-94DC-E5245B3B365F" value="true"/>
</engineerTo>
<pk>true</pk>
<usedAttributes>
<attributeRef>2E252762-7A89-AE7F-ADAA-ABB9895A5DAB</attributeRef>
</usedAttributes>
</identifier>
</identifiers>
</Entity>