<?xml version = '1.0' encoding = 'UTF-8'?>
<Entity class="oracle.dbtools.crest.model.design.logical.Entity" directorySegmentName="seg_0" id="F01CD3F6-FECD-B7DD-4561-0B8967010BB5" name="SEATED">
<createdBy>balal</createdBy>
<createdTime>2020-11-06 12:46:56 UTC</createdTime>
<ownerDesignName>academic</ownerDesignName>
<engineerTo>
<item key="9D924961-DC15-A485-94DC-E5245B3B365F" value="true"/>
</engineerTo>
<adequatelyNormalized>NO</adequatelyNormalized>
<expectedVolumes>0</expectedVolumes>
<fwdEngineeringStrategyName>Single Table</fwdEngineeringStrategyName>
<growthPercent>0</growthPercent>
<growthType>Year</growthType>
<maxVolumes>9999999</maxVolumes>
<minVolumes>0</minVolumes>
<normalForm>Third</normalForm>
<attributes itemClass="oracle.dbtools.crest.model.design.logical.Attribute">
<Attribute name="Building" id="D752E3A1-975B-878A-C00B-8645C420D1EC">
<createdBy>balal</createdBy>
<createdTime>2020-11-06 12:47:19 UTC</createdTime>
<ownerDesignName>academic</ownerDesignName>
<engineerTo>
<item key="9D924961-DC15-A485-94DC-E5245B3B365F" value="true"/>
</engineerTo>
<useDomainConstraints>false</useDomainConstraints>
<use>1</use>
<logicalDatatype>LOGDT024</logicalDatatype>
<dataTypeSize>10 CHAR</dataTypeSize>
<ownDataTypeParameters>10 CHAR,,</ownDataTypeParameters>
</Attribute>
<Attribute name="Room" id="200FA31A-26CC-762B-427D-922BDCD6EEA5">
<createdBy>balal</createdBy>
<createdTime>2020-11-06 12:47:35 UTC</createdTime>
<ownerDesignName>academic</ownerDesignName>
<engineerTo>
<item key="9D924961-DC15-A485-94DC-E5245B3B365F" value="true"/>
</engineerTo>
<useDomainConstraints>false</useDomainConstraints>
<use>1</use>
<logicalDatatype>LOGDT024</logicalDatatype>
<dataTypeSize>20 CHAR</dataTypeSize>
<ownDataTypeParameters>20 CHAR,,</ownDataTypeParameters>
</Attribute>
<Attribute name="Date" id="F61DE40B-D455-D7AE-B5CF-03E9D42FDA83">
<createdBy>balal</createdBy>
<createdTime>2020-11-06 12:47:48 UTC</createdTime>
<ownerDesignName>academic</ownerDesignName>
<engineerTo>
<item key="9D924961-DC15-A485-94DC-E5245B3B365F" value="true"/>
</engineerTo>
<useDomainConstraints>false</useDomainConstraints>
<use>1</use>
<logicalDatatype>LOGDT007</logicalDatatype>
<ownDataTypeParameters>,,</ownDataTypeParameters>
</Attribute>
</attributes>
<identifiers itemClass="oracle.dbtools.crest.model.design.logical.CandidateKey">
<identifier id="E4E5D5E6-1690-3721-2AB9-BF669B8AA031" name="SEATED PK">
<createdBy>balal</createdBy>
<createdTime>2020-11-06 12:47:31 UTC</createdTime>
<ownerDesignName>academic</ownerDesignName>
<shouldEngineer>false</shouldEngineer>
<engineerTo>
<item key="9D924961-DC15-A485-94DC-E5245B3B365F" value="false"/>
</engineerTo>
<pk>true</pk>
<usedAttributes>
<attributeRef>D752E3A1-975B-878A-C00B-8645C420D1EC</attributeRef>
<attributeRef>200FA31A-26CC-762B-427D-922BDCD6EEA5</attributeRef>
<attributeRef>F61DE40B-D455-D7AE-B5CF-03E9D42FDA83</attributeRef>
</usedAttributes>
</identifier>
</identifiers>
</Entity>