<?xml version = '1.0' encoding = 'UTF-8'?>
<FKArc class="oracle.dbtools.crest.model.design.relational.FKArc" directorySegmentName="seg_0" id="10AF3BB9-FCDA-DE9C-D68B-B03BB4EDAA61" name="Arc_1">
<createdBy>balal</createdBy>
<createdTime>2020-11-06 12:51:58 UTC</createdTime>
<ownerDesignName>Schema 1</ownerDesignName>
<mandatory>true</mandatory>
<table>043D67D5-BFD0-FC35-9DC9-63C280B7883F</table>
<fkeys>
<fkeyID>3ADE2981-6252-C9DC-232B-93D5AC554627</fkeyID>
<fkeyID>FD4E9880-98B3-81A2-D5DA-6F82F872AD0C</fkeyID>
</fkeys>
</FKArc>