<?xml version = '1.0' encoding = 'UTF-8'?>
<FKArc class="oracle.dbtools.crest.model.design.relational.FKArc" directorySegmentName="seg_0" id="5FBFE57B-90DD-419C-F6FE-00FE49236C77" name="FKArc_1">
<createdBy>balal</createdBy>
<createdTime>2020-11-06 12:51:58 UTC</createdTime>
<ownerDesignName>Schema 1</ownerDesignName>
<mandatory>false</mandatory>
<reverseArc>true</reverseArc>
<table>9AB19A82-852F-14F6-0349-5CA470F697EC</table>
<fkeys>
<fkeyID>01420B51-994D-72BE-2C47-65EF5F0D2151</fkeyID>
<fkeyID>C510AE96-6FE7-FAA2-1E13-470D8B9C5408</fkeyID>
</fkeys>
</FKArc>