<?xml version = '1.0' encoding = 'UTF-8'?>
<Table class="oracle.dbtools.crest.model.design.relational.Table" directorySegmentName="seg_0" id="043D67D5-BFD0-FC35-9DC9-63C280B7883F" name="COURSES">
<createdBy>balal</createdBy>
<createdTime>2020-11-06 12:51:58 UTC</createdTime>
<generatorID>DA27D4C1-6AF4-F2FD-5F96-FADEB2B64207</generatorID>
<ownerDesignName>academic</ownerDesignName>
<allowColumnReorder>false</allowColumnReorder>
<existDependencyGenerateInDDl>true</existDependencyGenerateInDDl>
<parsed>true</parsed>
<columns itemClass="oracle.dbtools.crest.model.design.relational.Column">
<Column name="ID" id="8A2C0249-83E3-AC07-E7D8-9FEDB45C058F">
<createdBy>balal</createdBy>
<createdTime>2020-11-06 12:51:58 UTC</createdTime>
<generatorID>2E252762-7A89-AE7F-ADAA-ABB9895A5DAB</generatorID>
<ownerDesignName>academic</ownerDesignName>
<useDomainConstraints>false</useDomainConstraints>
<use>1</use>
<logicalDatatype>LOGDT019</logicalDatatype>
<dataTypePrecision>3</dataTypePrecision>
<ownDataTypeParameters>,3,</ownDataTypeParameters>
<autoIncrementCycle>false</autoIncrementCycle>
</Column>
<Column name="Name" id="78A32155-D9D9-3983-3370-FE85EE8E5259">
<createdBy>balal</createdBy>
<createdTime>2020-11-06 12:51:58 UTC</createdTime>
<generatorID>9547A94C-0641-8A52-D8D7-A4DAF3014FE9</generatorID>
<ownerDesignName>academic</ownerDesignName>
<useDomainConstraints>false</useDomainConstraints>
<use>1</use>
<logicalDatatype>LOGDT024</logicalDatatype>
<dataTypeSize>40 CHAR</dataTypeSize>
<ownDataTypeParameters>40 CHAR,,</ownDataTypeParameters>
<autoIncrementCycle>false</autoIncrementCycle>
</Column>
<Column name="DPT_ID" id="A738B57E-E85E-09B3-36F0-01A3DAEE4857">
<createdBy>balal</createdBy>
<createdTime>2020-11-06 12:51:58 UTC</createdTime>
<generatorID>47919BEE-42BA-0881-F2EE-FE394F4DE5F2</generatorID>
<ownerDesignName>academic</ownerDesignName>
<useDomainConstraints>false</useDomainConstraints>
<use>1</use>
<logicalDatatype>LOGDT019</logicalDatatype>
<dataTypePrecision>3</dataTypePrecision>
<ownDataTypeParameters>,3,</ownDataTypeParameters>
<previousColumn>false</previousColumn>
<autoIncrementCycle>false</autoIncrementCycle>
<associations>
<colAssociation fkAssociation="F10F56A6-AEF4-CF88-47B3-C58B6A377DC1" referredColumn="D4B9B06D-4EEE-4E69-21E4-9BF3B6663BDF"/>
</associations>
</Column>
<Column name="ONLINE_LGN_ID" id="FC58C771-B036-F3FB-65C8-E5947EED0C65">
<createdBy>balal</createdBy>
<createdTime>2020-11-06 12:51:58 UTC</createdTime>
<generatorID>8C2C04E4-26D7-A38B-DE1B-F2ED3313CB09</generatorID>
<ownerDesignName>academic</ownerDesignName>
<nullsAllowed>true</nullsAllowed>
<useDomainConstraints>false</useDomainConstraints>
<use>1</use>
<logicalDatatype>LOGDT019</logicalDatatype>
<dataTypePrecision>3</dataTypePrecision>
<ownDataTypeParameters>,3,</ownDataTypeParameters>
<previousColumn>false</previousColumn>
<autoIncrementCycle>false</autoIncrementCycle>
<associations>
<colAssociation fkAssociation="3ADE2981-6252-C9DC-232B-93D5AC554627" referredColumn="6432A31F-443A-890E-522A-9EC4CAF5C7D3"/>
</associations>
</Column>
<Column name="SEATED_BLD" id="D08421DB-99A9-D91A-4C4E-24ED57BF8DD1">
<createdBy>balal</createdBy>
<createdTime>2020-11-06 12:51:58 UTC</createdTime>
<generatorID>0A65A148-360F-EA47-C797-9FA654A7B1ED</generatorID>
<ownerDesignName>academic</ownerDesignName>
<nullsAllowed>true</nullsAllowed>
<useDomainConstraints>false</useDomainConstraints>
<use>1</use>
<logicalDatatype>LOGDT024</logicalDatatype>
<dataTypeSize>10 CHAR</dataTypeSize>
<ownDataTypeParameters>10 CHAR,,</ownDataTypeParameters>
<previousColumn>false</previousColumn>
<autoIncrementCycle>false</autoIncrementCycle>
<associations>
<colAssociation fkAssociation="FD4E9880-98B3-81A2-D5DA-6F82F872AD0C" referredColumn="F6B8DBEF-B97E-C3D2-A9E0-1A95C9B815C2"/>
</associations>
</Column>
<Column name="SEATED_Room" id="C54F0B39-20F4-F6CD-4E33-124D9D7702C6">
<createdBy>balal</createdBy>
<createdTime>2020-11-06 12:51:58 UTC</createdTime>
<generatorID>3CF71011-A1AA-77AE-474D-96014DEDF1CC</generatorID>
<ownerDesignName>academic</ownerDesignName>
<nullsAllowed>true</nullsAllowed>
<useDomainConstraints>false</useDomainConstraints>
<use>1</use>
<logicalDatatype>LOGDT024</logicalDatatype>
<dataTypeSize>20 CHAR</dataTypeSize>
<ownDataTypeParameters>20 CHAR,,</ownDataTypeParameters>
<previousColumn>false</previousColumn>
<autoIncrementCycle>false</autoIncrementCycle>
<associations>
<colAssociation fkAssociation="FD4E9880-98B3-81A2-D5DA-6F82F872AD0C" referredColumn="294C6EE1-50E0-F380-10BB-37206856C9CE"/>
</associations>
</Column>
<Column name="SEATED_DTE" id="9BF14EC9-72A1-8DAF-B725-F56261482CB1">
<createdBy>balal</createdBy>
<createdTime>2020-11-06 12:51:58 UTC</createdTime>
<generatorID>5FE3EE1B-CD2E-2EE0-57EB-4CA1CB4F9708</generatorID>
<ownerDesignName>academic</ownerDesignName>
<nullsAllowed>true</nullsAllowed>
<useDomainConstraints>false</useDomainConstraints>
<use>1</use>
<logicalDatatype>LOGDT007</logicalDatatype>
<ownDataTypeParameters>,,</ownDataTypeParameters>
<previousColumn>false</previousColumn>
<autoIncrementCycle>false</autoIncrementCycle>
<associations>
<colAssociation fkAssociation="FD4E9880-98B3-81A2-D5DA-6F82F872AD0C" referredColumn="4CF704B8-CAF4-FABF-DBC8-981D9F8826BD"/>
</associations>
</Column>
</columns>
<indexes itemClass="oracle.dbtools.crest.model.design.relational.Index">
<ind_PK_UK id="B584CCE4-051D-6D86-A6A4-F791EE101B6D" name="CSE_PK">
<createdBy>balal</createdBy>
<createdTime>2020-11-06 12:51:58 UTC</createdTime>
<generatorID>7552ED32-1531-96A6-09CD-DA9458513F01</generatorID>
<ownerDesignName>academic</ownerDesignName>
<pk>true</pk>
<indexState>Primary Constraint</indexState>
<isSurrogateKey>false</isSurrogateKey>
<indexColumnUsage>
<colUsage columnID="8A2C0249-83E3-AC07-E7D8-9FEDB45C058F"/>
</indexColumnUsage>
</ind_PK_UK>
<ind_PK_UK id="D4057B49-6870-CEC3-3DAC-DDF8140AA745" name="CSE_ONLINE_FK">
<createdBy>balal</createdBy>
<createdTime>2020-11-06 12:51:58 UTC</createdTime>
<generatorID>398B40BD-E7BA-B1DD-700C-85325B5D3570</generatorID>
<ownerDesignName>academic</ownerDesignName>
<indexState>Foreign Key</indexState>
<isSurrogateKey>false</isSurrogateKey>
<indexColumnUsage>
<colUsage columnID="FC58C771-B036-F3FB-65C8-E5947EED0C65"/>
</indexColumnUsage>
</ind_PK_UK>
<ind_PK_UK id="7F1E0817-1AC0-97EF-7DC2-7A755C025D05" name="CSE_SEATED_FK">
<createdBy>balal</createdBy>
<createdTime>2020-11-06 12:51:58 UTC</createdTime>
<generatorID>3E24BDA7-3A62-93FB-5D07-2C61FB9BAB54</generatorID>
<ownerDesignName>academic</ownerDesignName>
<indexState>Foreign Key</indexState>
<isSurrogateKey>false</isSurrogateKey>
<indexColumnUsage>
<colUsage columnID="D08421DB-99A9-D91A-4C4E-24ED57BF8DD1"/>
<colUsage columnID="C54F0B39-20F4-F6CD-4E33-124D9D7702C6"/>
<colUsage columnID="9BF14EC9-72A1-8DAF-B725-F56261482CB1"/>
</indexColumnUsage>
</ind_PK_UK>
<ind_PK_UK id="A8E66969-FE02-5483-330F-FA0D6FD48061" name="CSE_DPT_FK">
<createdBy>balal</createdBy>
<createdTime>2020-11-06 12:51:58 UTC</createdTime>
<generatorID>04D3DA43-E870-E8FD-BA27-613AC4775AA9</generatorID>
<ownerDesignName>academic</ownerDesignName>
<indexState>Foreign Key</indexState>
<isSurrogateKey>false</isSurrogateKey>
<indexColumnUsage>
<colUsage columnID="A738B57E-E85E-09B3-36F0-01A3DAEE4857"/>
</indexColumnUsage>
</ind_PK_UK>
</indexes>
</Table>