<?xml version = '1.0' encoding = 'UTF-8'?>
<Table class="oracle.dbtools.crest.model.design.relational.Table" directorySegmentName="seg_0" id="24B8639B-FECF-A34A-61A1-3A82F2C15737" name="ONLINE">
<createdBy>balal</createdBy>
<createdTime>2020-11-06 12:51:58 UTC</createdTime>
<generatorID>2D435DF4-5D80-1772-C451-087C879FA4D9</generatorID>
<ownerDesignName>academic</ownerDesignName>
<allowColumnReorder>false</allowColumnReorder>
<existDependencyGenerateInDDl>true</existDependencyGenerateInDDl>
<parsed>true</parsed>
<columns itemClass="oracle.dbtools.crest.model.design.relational.Column">
<Column name="LGN_ID" id="6432A31F-443A-890E-522A-9EC4CAF5C7D3">
<createdBy>balal</createdBy>
<createdTime>2020-11-06 12:51:58 UTC</createdTime>
<generatorID>907EE7B6-730C-7B78-36CB-DFC02E6BF590</generatorID>
<ownerDesignName>academic</ownerDesignName>
<useDomainConstraints>false</useDomainConstraints>
<use>1</use>
<logicalDatatype>LOGDT019</logicalDatatype>
<dataTypePrecision>3</dataTypePrecision>
<ownDataTypeParameters>,3,</ownDataTypeParameters>
<autoIncrementCycle>false</autoIncrementCycle>
</Column>
<Column name="PWD" id="326394C7-5DD0-D73C-F00C-215ECE9D4B18">
<createdBy>balal</createdBy>
<createdTime>2020-11-06 12:51:58 UTC</createdTime>
<generatorID>441D76C6-8E90-315D-8C65-F2C91062516C</generatorID>
<ownerDesignName>academic</ownerDesignName>
<nullsAllowed>true</nullsAllowed>
<useDomainConstraints>false</useDomainConstraints>
<use>1</use>
<logicalDatatype>LOGDT024</logicalDatatype>
<dataTypeSize>12 CHAR</dataTypeSize>
<ownDataTypeParameters>12 CHAR,,</ownDataTypeParameters>
<autoIncrementCycle>false</autoIncrementCycle>
</Column>
</columns>
<indexes itemClass="oracle.dbtools.crest.model.design.relational.Index">
<ind_PK_UK id="514A1E9D-AA2F-8313-2691-E8BBB7EEFD78" name="ONLINE_PK">
<createdBy>balal</createdBy>
<createdTime>2020-11-06 12:51:58 UTC</createdTime>
<generatorID>8D14BB03-F3DA-5FBB-7F20-4DF1D4A17980</generatorID>
<ownerDesignName>academic</ownerDesignName>
<pk>true</pk>
<indexState>Primary Constraint</indexState>
<isSurrogateKey>false</isSurrogateKey>
<indexColumnUsage>
<colUsage columnID="6432A31F-443A-890E-522A-9EC4CAF5C7D3"/>
</indexColumnUsage>
</ind_PK_UK>
</indexes>
</Table>