<?xml version = '1.0' encoding = 'UTF-8'?>
<Table class="oracle.dbtools.crest.model.design.relational.Table" directorySegmentName="seg_0" id="4CB5158E-93E1-7E88-83E5-E1FF44463E42" name="DEPARTMENTS">
<createdBy>balal</createdBy>
<createdTime>2020-11-06 12:51:58 UTC</createdTime>
<generatorID>AD9582BF-65C9-F77A-EC13-B350AA9D426D</generatorID>
<ownerDesignName>academic</ownerDesignName>
<allowColumnReorder>false</allowColumnReorder>
<existDependencyGenerateInDDl>true</existDependencyGenerateInDDl>
<parsed>true</parsed>
<columns itemClass="oracle.dbtools.crest.model.design.relational.Column">
<Column name="ID" id="D4B9B06D-4EEE-4E69-21E4-9BF3B6663BDF">
<createdBy>balal</createdBy>
<createdTime>2020-11-06 12:51:58 UTC</createdTime>
<generatorID>687F2478-B813-F3C6-76F8-ABBC60A42BFC</generatorID>
<ownerDesignName>academic</ownerDesignName>
<useDomainConstraints>false</useDomainConstraints>
<use>1</use>
<logicalDatatype>LOGDT019</logicalDatatype>
<dataTypePrecision>3</dataTypePrecision>
<ownDataTypeParameters>,3,</ownDataTypeParameters>
<autoIncrementCycle>false</autoIncrementCycle>
</Column>
<Column name="Name" id="34CAC1B4-D276-A440-7E42-0E658E87BD8C">
<createdBy>balal</createdBy>
<createdTime>2020-11-06 12:51:58 UTC</createdTime>
<generatorID>6FE54EE8-AB25-42CA-1954-F6AFDAEF275D</generatorID>
<ownerDesignName>academic</ownerDesignName>
<useDomainConstraints>false</useDomainConstraints>
<use>1</use>
<logicalDatatype>LOGDT024</logicalDatatype>
<dataTypeSize>40 CHAR</dataTypeSize>
<ownDataTypeParameters>40 CHAR,,</ownDataTypeParameters>
<autoIncrementCycle>false</autoIncrementCycle>
</Column>
<Column name="Head" id="4BB9C8F0-22AB-33DF-9114-87E11A0030A1">
<createdBy>balal</createdBy>
<createdTime>2020-11-06 12:51:58 UTC</createdTime>
<generatorID>E487C6F1-0BFB-58FF-B608-327B6C9F0CAE</generatorID>
<ownerDesignName>academic</ownerDesignName>
<nullsAllowed>true</nullsAllowed>
<useDomainConstraints>false</useDomainConstraints>
<use>1</use>
<logicalDatatype>LOGDT024</logicalDatatype>
<dataTypeSize>20 CHAR</dataTypeSize>
<ownDataTypeParameters>20 CHAR,,</ownDataTypeParameters>
<autoIncrementCycle>false</autoIncrementCycle>
</Column>
</columns>
<indexes itemClass="oracle.dbtools.crest.model.design.relational.Index">
<ind_PK_UK id="04E59D19-A43F-88B8-A226-71EEC2F24B70" name="DPT_PK">
<createdBy>balal</createdBy>
<createdTime>2020-11-06 12:51:58 UTC</createdTime>
<generatorID>21A031F5-0CED-7058-6DE7-DB3486A81621</generatorID>
<ownerDesignName>academic</ownerDesignName>
<pk>true</pk>
<indexState>Primary Constraint</indexState>
<isSurrogateKey>false</isSurrogateKey>
<indexColumnUsage>
<colUsage columnID="D4B9B06D-4EEE-4E69-21E4-9BF3B6663BDF"/>
</indexColumnUsage>
</ind_PK_UK>
</indexes>
</Table>