<?xml version = '1.0' encoding = 'UTF-8'?>
<Table class="oracle.dbtools.crest.model.design.relational.Table" directorySegmentName="seg_0" id="677EE351-4251-43C1-26F3-FCABB5EF9C49" name="FUL_TME">
<createdBy>balal</createdBy>
<createdTime>2020-11-06 12:51:58 UTC</createdTime>
<generatorID>258CA0D9-2749-811A-FB7E-B9C8C8843A96</generatorID>
<ownerDesignName>academic</ownerDesignName>
<allowColumnReorder>false</allowColumnReorder>
<existDependencyGenerateInDDl>true</existDependencyGenerateInDDl>
<parsed>true</parsed>
<columns itemClass="oracle.dbtools.crest.model.design.relational.Column">
<Column name="ID" id="DD68DD74-E6F5-DD26-C92D-479DE9FC0DA9">
<createdBy>balal</createdBy>
<createdTime>2020-11-06 12:51:58 UTC</createdTime>
<generatorID>42D5881D-F6BD-F226-2248-1211821EF392</generatorID>
<ownerDesignName>academic</ownerDesignName>
<useDomainConstraints>false</useDomainConstraints>
<use>1</use>
<logicalDatatype>LOGDT019</logicalDatatype>
<dataTypePrecision>3</dataTypePrecision>
<ownDataTypeParameters>,,</ownDataTypeParameters>
<autoIncrementCycle>false</autoIncrementCycle>
<associations>
<colAssociation fkAssociation="01420B51-994D-72BE-2C47-65EF5F0D2151" referredColumn="85724C45-19A6-E4AE-184B-7D8154A55C19"/>
</associations>
</Column>
<Column name="SLY" id="45BA1513-9CFE-BD9B-086D-239A16181A9B">
<createdBy>balal</createdBy>
<createdTime>2020-11-06 12:51:58 UTC</createdTime>
<generatorID>4A2DC6FC-4751-99DE-1561-E0FF2AAD5034</generatorID>
<ownerDesignName>academic</ownerDesignName>
<useDomainConstraints>false</useDomainConstraints>
<use>1</use>
<logicalDatatype>LOGDT019</logicalDatatype>
<dataTypePrecision>4</dataTypePrecision>
<dataTypeScale>2</dataTypeScale>
<ownDataTypeParameters>,4,2</ownDataTypeParameters>
<autoIncrementCycle>false</autoIncrementCycle>
</Column>
<Column name="ISU" id="B60FFE51-C1A5-A435-86C1-B079EB841CDE">
<createdBy>balal</createdBy>
<createdTime>2020-11-06 12:51:58 UTC</createdTime>
<generatorID>F742608F-37B1-6697-E3E8-474EF873B017</generatorID>
<ownerDesignName>academic</ownerDesignName>
<nullsAllowed>true</nullsAllowed>
<useDomainConstraints>false</useDomainConstraints>
<use>1</use>
<logicalDatatype>LOGDT024</logicalDatatype>
<dataTypeSize>20 CHAR</dataTypeSize>
<ownDataTypeParameters>20 CHAR,,</ownDataTypeParameters>
<autoIncrementCycle>false</autoIncrementCycle>
</Column>
</columns>
<indexes itemClass="oracle.dbtools.crest.model.design.relational.Index">
<ind_PK_UK id="D25EFA6F-BC39-53ED-6BFD-D9A3EF406937" name="FULL_TIME_PK">
<createdBy>balal</createdBy>
<createdTime>2020-11-06 12:51:58 UTC</createdTime>
<generatorID>943B6295-EEAA-CB67-A095-378BC923195E</generatorID>
<ownerDesignName>academic</ownerDesignName>
<pk>true</pk>
<indexState>Primary Constraint</indexState>
<isSurrogateKey>false</isSurrogateKey>
<indexColumnUsage>
<colUsage columnID="DD68DD74-E6F5-DD26-C92D-479DE9FC0DA9"/>
</indexColumnUsage>
</ind_PK_UK>
<ind_PK_UK id="DD648CDE-FD09-E8C2-669E-756610458EA2" name="FULL_TIME_FCY_FK">
<createdBy>balal</createdBy>
<createdTime>2020-11-06 12:51:58 UTC</createdTime>
<generatorID>49DEA125-7094-3E3D-BB0E-E63243760138</generatorID>
<ownerDesignName>academic</ownerDesignName>
<indexState>Foreign Key</indexState>
<isSurrogateKey>false</isSurrogateKey>
<indexColumnUsage>
<colUsage columnID="DD68DD74-E6F5-DD26-C92D-479DE9FC0DA9"/>
</indexColumnUsage>
</ind_PK_UK>
</indexes>
</Table>