<?xml version = '1.0' encoding = 'UTF-8'?>
<Table class="oracle.dbtools.crest.model.design.relational.Table" directorySegmentName="seg_0" id="871DE162-811E-6B48-4B12-323423456D5E" name="PAT_TME">
<createdBy>balal</createdBy>
<createdTime>2020-11-06 12:51:58 UTC</createdTime>
<generatorID>4105B0A3-619B-31B8-EF80-67CF3F89E6C9</generatorID>
<ownerDesignName>academic</ownerDesignName>
<allowColumnReorder>false</allowColumnReorder>
<existDependencyGenerateInDDl>true</existDependencyGenerateInDDl>
<parsed>true</parsed>
<columns itemClass="oracle.dbtools.crest.model.design.relational.Column">
<Column name="ID" id="1509E239-5B96-27D2-9F66-BEF18528463F">
<createdBy>balal</createdBy>
<createdTime>2020-11-06 12:51:58 UTC</createdTime>
<generatorID>42D5881D-F6BD-F226-2248-1211821EF392</generatorID>
<ownerDesignName>academic</ownerDesignName>
<useDomainConstraints>false</useDomainConstraints>
<use>1</use>
<logicalDatatype>LOGDT019</logicalDatatype>
<dataTypePrecision>3</dataTypePrecision>
<ownDataTypeParameters>,,</ownDataTypeParameters>
<autoIncrementCycle>false</autoIncrementCycle>
<associations>
<colAssociation fkAssociation="C510AE96-6FE7-FAA2-1E13-470D8B9C5408" referredColumn="85724C45-19A6-E4AE-184B-7D8154A55C19"/>
</associations>
</Column>
<Column name="Hourly_RAT" id="F93642DD-D6B8-2CE4-92BD-D5BDF9255D9C">
<createdBy>balal</createdBy>
<createdTime>2020-11-06 12:51:58 UTC</createdTime>
<generatorID>19C7677E-8527-2262-BB38-4A425E721F6B</generatorID>
<ownerDesignName>academic</ownerDesignName>
<useDomainConstraints>false</useDomainConstraints>
<use>1</use>
<logicalDatatype>LOGDT019</logicalDatatype>
<dataTypePrecision>4</dataTypePrecision>
<ownDataTypeParameters>,4,</ownDataTypeParameters>
<autoIncrementCycle>false</autoIncrementCycle>
</Column>
</columns>
<indexes itemClass="oracle.dbtools.crest.model.design.relational.Index">
<ind_PK_UK id="DB9C90FA-6D17-698F-E9D5-471265CDFB0E" name="PART_TIME_PK">
<createdBy>balal</createdBy>
<createdTime>2020-11-06 12:51:58 UTC</createdTime>
<generatorID>943B6295-EEAA-CB67-A095-378BC923195E</generatorID>
<ownerDesignName>academic</ownerDesignName>
<pk>true</pk>
<indexState>Primary Constraint</indexState>
<isSurrogateKey>false</isSurrogateKey>
<indexColumnUsage>
<colUsage columnID="1509E239-5B96-27D2-9F66-BEF18528463F"/>
</indexColumnUsage>
</ind_PK_UK>
<ind_PK_UK id="A0BB31CF-85EC-2BC8-FC3F-4DABB545625B" name="PART_TIME_FCY_FK">
<createdBy>balal</createdBy>
<createdTime>2020-11-06 12:51:58 UTC</createdTime>
<generatorID>28F84155-9E61-CBC7-FE97-65BFDF09DDB4</generatorID>
<ownerDesignName>academic</ownerDesignName>
<indexState>Foreign Key</indexState>
<isSurrogateKey>false</isSurrogateKey>
<indexColumnUsage>
<colUsage columnID="1509E239-5B96-27D2-9F66-BEF18528463F"/>
</indexColumnUsage>
</ind_PK_UK>
</indexes>
</Table>