<?xml version = '1.0' encoding = 'UTF-8'?>
<Table class="oracle.dbtools.crest.model.design.relational.Table" directorySegmentName="seg_0" id="9AB19A82-852F-14F6-0349-5CA470F697EC" name="FACULTIES">
<createdBy>balal</createdBy>
<createdTime>2020-11-06 12:51:58 UTC</createdTime>
<generatorID>8BA68DF1-B250-E239-A992-0267162814DC</generatorID>
<ownerDesignName>academic</ownerDesignName>
<allowColumnReorder>false</allowColumnReorder>
<existDependencyGenerateInDDl>true</existDependencyGenerateInDDl>
<parsed>true</parsed>
<columns itemClass="oracle.dbtools.crest.model.design.relational.Column">
<Column name="ID" id="85724C45-19A6-E4AE-184B-7D8154A55C19">
<createdBy>balal</createdBy>
<createdTime>2020-11-06 12:51:58 UTC</createdTime>
<generatorID>42D5881D-F6BD-F226-2248-1211821EF392</generatorID>
<ownerDesignName>academic</ownerDesignName>
<useDomainConstraints>false</useDomainConstraints>
<use>1</use>
<logicalDatatype>LOGDT019</logicalDatatype>
<dataTypePrecision>3</dataTypePrecision>
<ownDataTypeParameters>,3,</ownDataTypeParameters>
<autoIncrementCycle>false</autoIncrementCycle>
</Column>
<Column name="FST_Name" id="920A528C-4D76-CFF2-0BB2-8AA6E9BAD785">
<createdBy>balal</createdBy>
<createdTime>2020-11-06 12:51:58 UTC</createdTime>
<generatorID>A28CC105-C7BF-5965-5FF2-B02F8C00AB07</generatorID>
<ownerDesignName>academic</ownerDesignName>
<useDomainConstraints>false</useDomainConstraints>
<use>1</use>
<logicalDatatype>LOGDT024</logicalDatatype>
<dataTypeSize>20 CHAR</dataTypeSize>
<ownDataTypeParameters>20 CHAR,,</ownDataTypeParameters>
<autoIncrementCycle>false</autoIncrementCycle>
</Column>
<Column name="LST_Name" id="338720B1-3042-A4FB-6897-7B49B909F25C">
<createdBy>balal</createdBy>
<createdTime>2020-11-06 12:51:58 UTC</createdTime>
<generatorID>792BBC47-E63F-ACA0-D768-E5440422FBEE</generatorID>
<ownerDesignName>academic</ownerDesignName>
<useDomainConstraints>false</useDomainConstraints>
<use>1</use>
<logicalDatatype>LOGDT024</logicalDatatype>
<dataTypeSize>20 CHAR</dataTypeSize>
<ownDataTypeParameters>20 CHAR,,</ownDataTypeParameters>
<autoIncrementCycle>false</autoIncrementCycle>
</Column>
<Column name="Email" id="CEE4C8B5-92EE-A4C0-DC27-FE11C790D6C2">
<createdBy>balal</createdBy>
<createdTime>2020-11-06 12:51:58 UTC</createdTime>
<generatorID>F118D7B8-2B82-5C45-3D40-C7D21B8E546C</generatorID>
<ownerDesignName>academic</ownerDesignName>
<useDomainConstraints>false</useDomainConstraints>
<use>1</use>
<logicalDatatype>LOGDT024</logicalDatatype>
<dataTypeSize>50</dataTypeSize>
<ownDataTypeParameters>50,,</ownDataTypeParameters>
<autoIncrementCycle>false</autoIncrementCycle>
</Column>
<Column name="DPT_ID" id="CEE42328-4B43-9F2E-639A-49D8CAFB0183">
<createdBy>balal</createdBy>
<createdTime>2020-11-06 12:51:58 UTC</createdTime>
<generatorID>2651ADDB-8B93-6977-C75C-5579420C77B8</generatorID>
<ownerDesignName>academic</ownerDesignName>
<useDomainConstraints>false</useDomainConstraints>
<use>1</use>
<logicalDatatype>LOGDT019</logicalDatatype>
<dataTypePrecision>3</dataTypePrecision>
<ownDataTypeParameters>,3,</ownDataTypeParameters>
<previousColumn>false</previousColumn>
<autoIncrementCycle>false</autoIncrementCycle>
<associations>
<colAssociation fkAssociation="ADF268C7-E39B-7006-2FA2-022F0D5D0D3B" referredColumn="D4B9B06D-4EEE-4E69-21E4-9BF3B6663BDF"/>
</associations>
</Column>
</columns>
<indexes itemClass="oracle.dbtools.crest.model.design.relational.Index">
<ind_PK_UK id="6ED2FB41-13FE-1546-F97E-9999E7CF7DCA" name="FCY_PK">
<createdBy>balal</createdBy>
<createdTime>2020-11-06 12:51:58 UTC</createdTime>
<generatorID>943B6295-EEAA-CB67-A095-378BC923195E</generatorID>
<ownerDesignName>academic</ownerDesignName>
<pk>true</pk>
<indexState>Primary Constraint</indexState>
<isSurrogateKey>false</isSurrogateKey>
<indexColumnUsage>
<colUsage columnID="85724C45-19A6-E4AE-184B-7D8154A55C19"/>
</indexColumnUsage>
</ind_PK_UK>
<ind_PK_UK id="D33A2389-6E2B-FCFC-3429-1ED01E597851" name="FCY_Email_UN">
<createdBy>balal</createdBy>
<createdTime>2020-11-06 12:51:58 UTC</createdTime>
<generatorID>1FE11D02-8E78-1FF7-B6DC-BE04ECDF5FB9</generatorID>
<ownerDesignName>academic</ownerDesignName>
<indexState>Unique Constraint</indexState>
<isSurrogateKey>false</isSurrogateKey>
<indexColumnUsage>
<colUsage columnID="CEE4C8B5-92EE-A4C0-DC27-FE11C790D6C2"/>
</indexColumnUsage>
</ind_PK_UK>
<ind_PK_UK id="6BB2C4FB-9B83-4AC5-F954-4150BD10401F" name="FCY_DPT_FK">
<createdBy>balal</createdBy>
<createdTime>2020-11-06 12:51:58 UTC</createdTime>
<generatorID>714D6131-3BB6-8BB8-45A8-D59C62E67AB0</generatorID>
<ownerDesignName>academic</ownerDesignName>
<indexState>Foreign Key</indexState>
<isSurrogateKey>false</isSurrogateKey>
<indexColumnUsage>
<colUsage columnID="CEE42328-4B43-9F2E-639A-49D8CAFB0183"/>
</indexColumnUsage>
</ind_PK_UK>
</indexes>
</Table>