<?xml version = '1.0' encoding = 'UTF-8'?>
<Table class="oracle.dbtools.crest.model.design.relational.Table" directorySegmentName="seg_0" id="E71B50A0-528E-CFA0-4CA2-3512A182C339" name="FCY_CSE_DTA">
<createdBy>balal</createdBy>
<createdTime>2020-11-06 12:51:58 UTC</createdTime>
<generatorID>33587CF8-10C5-C188-3FA0-84E02753985F</generatorID>
<ownerDesignName>academic</ownerDesignName>
<allowColumnReorder>false</allowColumnReorder>
<existDependencyGenerateInDDl>true</existDependencyGenerateInDDl>
<parsed>true</parsed>
<columns itemClass="oracle.dbtools.crest.model.design.relational.Column">
<Column name="CTT_Hours" id="E2DA2790-7BC5-9BF0-26B2-BFB3A61BDAA6">
<createdBy>balal</createdBy>
<createdTime>2020-11-06 12:51:58 UTC</createdTime>
<generatorID>68605D45-7F7D-390C-4624-F8BBCC73F838</generatorID>
<ownerDesignName>academic</ownerDesignName>
<useDomainConstraints>false</useDomainConstraints>
<use>1</use>
<logicalDatatype>LOGDT019</logicalDatatype>
<dataTypePrecision>4</dataTypePrecision>
<ownDataTypeParameters>,4,</ownDataTypeParameters>
<autoIncrementCycle>false</autoIncrementCycle>
</Column>
<Column name="FCY_ID" id="5C5EB1FF-F09D-4D41-6BCC-7FB19D07443E">
<createdBy>balal</createdBy>
<createdTime>2020-11-06 12:51:58 UTC</createdTime>
<generatorID>4B516564-8559-3F37-B306-8A1F32587FFF</generatorID>
<ownerDesignName>academic</ownerDesignName>
<useDomainConstraints>false</useDomainConstraints>
<use>1</use>
<logicalDatatype>LOGDT019</logicalDatatype>
<dataTypePrecision>3</dataTypePrecision>
<ownDataTypeParameters>,3,</ownDataTypeParameters>
<previousColumn>false</previousColumn>
<autoIncrementCycle>false</autoIncrementCycle>
<associations>
<colAssociation fkAssociation="7514D206-A6EA-3398-9B04-C857698E18D1" referredColumn="85724C45-19A6-E4AE-184B-7D8154A55C19"/>
</associations>
</Column>
<Column name="CSE_ID" id="B5D3C155-D57E-4242-451D-5195AB2B62A6">
<createdBy>balal</createdBy>
<createdTime>2020-11-06 12:51:58 UTC</createdTime>
<generatorID>915962F0-F165-34E7-3D2D-9AA070CCE2D6</generatorID>
<ownerDesignName>academic</ownerDesignName>
<useDomainConstraints>false</useDomainConstraints>
<use>1</use>
<logicalDatatype>LOGDT019</logicalDatatype>
<dataTypePrecision>3</dataTypePrecision>
<ownDataTypeParameters>,3,</ownDataTypeParameters>
<previousColumn>false</previousColumn>
<autoIncrementCycle>false</autoIncrementCycle>
<associations>
<colAssociation fkAssociation="23E7EF5B-F9C0-97E2-657A-075EEE47F37D" referredColumn="8A2C0249-83E3-AC07-E7D8-9FEDB45C058F"/>
</associations>
</Column>
<Column name="CSE_ID1" id="AE163EFD-C657-2882-BAA5-64FC5867933B">
<createdBy>balal</createdBy>
<createdTime>2020-11-08 12:48:33 UTC</createdTime>
<generatorID>FE0D55D2-A682-3563-D118-700F266FFEAD</generatorID>
<ownerDesignName>academic</ownerDesignName>
<useDomainConstraints>false</useDomainConstraints>
<use>1</use>
<logicalDatatype>LOGDT019</logicalDatatype>
<ownDataTypeParameters>,,</ownDataTypeParameters>
<previousColumn>false</previousColumn>
<autoIncrementCycle>false</autoIncrementCycle>
</Column>
</columns>
<indexes itemClass="oracle.dbtools.crest.model.design.relational.Index">
<ind_PK_UK id="FC038F54-724A-9278-0875-E243FEC0C79E" name="FCY_CSE_DTA_PK">
<createdBy>balal</createdBy>
<createdTime>2020-11-06 12:51:58 UTC</createdTime>
<generatorID>7B27BF1C-4C42-773E-5B51-1E1D3DE7076B</generatorID>
<ownerDesignName>academic</ownerDesignName>
<pk>true</pk>
<indexState>Primary Constraint</indexState>
<isSurrogateKey>false</isSurrogateKey>
<indexColumnUsage>
<colUsage columnID="5C5EB1FF-F09D-4D41-6BCC-7FB19D07443E"/>
<colUsage columnID="AE163EFD-C657-2882-BAA5-64FC5867933B"/>
</indexColumnUsage>
</ind_PK_UK>
<ind_PK_UK id="E56EE239-128B-393F-016D-DB493B54F901" name="FCY_CSE_DTA_FCY_FK">
<createdBy>balal</createdBy>
<createdTime>2020-11-06 12:51:58 UTC</createdTime>
<generatorID>9FCC81DE-5CAF-3A4B-8283-08866FFB6C34</generatorID>
<ownerDesignName>academic</ownerDesignName>
<indexState>Foreign Key</indexState>
<isSurrogateKey>false</isSurrogateKey>
<indexColumnUsage>
<colUsage columnID="5C5EB1FF-F09D-4D41-6BCC-7FB19D07443E"/>
</indexColumnUsage>
</ind_PK_UK>
<ind_PK_UK id="3F0BB698-00A3-B0C2-FA92-9E3B8DE61DD1" name="FCY_CSE_DTL_CSE_FK">
<createdBy>balal</createdBy>
<createdTime>2020-11-06 12:51:58 UTC</createdTime>
<generatorID>A15D051A-CA90-6443-7025-AB8355BE11DF</generatorID>
<ownerDesignName>academic</ownerDesignName>
<indexState>Foreign Key</indexState>
<isSurrogateKey>false</isSurrogateKey>
<indexColumnUsage>
<colUsage columnID="B5D3C155-D57E-4242-451D-5195AB2B62A6"/>
</indexColumnUsage>
</ind_PK_UK>
</indexes>
</Table>