<?xml version = '1.0' encoding = 'UTF-8'?>
<Table class="oracle.dbtools.crest.model.design.relational.Table" directorySegmentName="seg_0" id="FFCF3450-8F68-8558-8E3A-83C336488FE6" name="SEATED">
<createdBy>balal</createdBy>
<createdTime>2020-11-06 12:51:58 UTC</createdTime>
<generatorID>F01CD3F6-FECD-B7DD-4561-0B8967010BB5</generatorID>
<ownerDesignName>academic</ownerDesignName>
<allowColumnReorder>false</allowColumnReorder>
<existDependencyGenerateInDDl>true</existDependencyGenerateInDDl>
<parsed>true</parsed>
<columns itemClass="oracle.dbtools.crest.model.design.relational.Column">
<Column name="BLD" id="F6B8DBEF-B97E-C3D2-A9E0-1A95C9B815C2">
<createdBy>balal</createdBy>
<createdTime>2020-11-06 12:51:58 UTC</createdTime>
<generatorID>D752E3A1-975B-878A-C00B-8645C420D1EC</generatorID>
<ownerDesignName>academic</ownerDesignName>
<useDomainConstraints>false</useDomainConstraints>
<use>1</use>
<logicalDatatype>LOGDT024</logicalDatatype>
<dataTypeSize>10 CHAR</dataTypeSize>
<ownDataTypeParameters>10 CHAR,,</ownDataTypeParameters>
<autoIncrementCycle>false</autoIncrementCycle>
</Column>
<Column name="Room" id="294C6EE1-50E0-F380-10BB-37206856C9CE">
<createdBy>balal</createdBy>
<createdTime>2020-11-06 12:51:58 UTC</createdTime>
<generatorID>200FA31A-26CC-762B-427D-922BDCD6EEA5</generatorID>
<ownerDesignName>academic</ownerDesignName>
<useDomainConstraints>false</useDomainConstraints>
<use>1</use>
<logicalDatatype>LOGDT024</logicalDatatype>
<dataTypeSize>20 CHAR</dataTypeSize>
<ownDataTypeParameters>20 CHAR,,</ownDataTypeParameters>
<autoIncrementCycle>false</autoIncrementCycle>
</Column>
<Column name="DTE" id="4CF704B8-CAF4-FABF-DBC8-981D9F8826BD">
<createdBy>balal</createdBy>
<createdTime>2020-11-06 12:51:58 UTC</createdTime>
<generatorID>F61DE40B-D455-D7AE-B5CF-03E9D42FDA83</generatorID>
<ownerDesignName>academic</ownerDesignName>
<useDomainConstraints>false</useDomainConstraints>
<use>1</use>
<logicalDatatype>LOGDT007</logicalDatatype>
<ownDataTypeParameters>,,</ownDataTypeParameters>
<autoIncrementCycle>false</autoIncrementCycle>
</Column>
</columns>
<indexes itemClass="oracle.dbtools.crest.model.design.relational.Index">
<ind_PK_UK id="638C6F24-B91B-E885-ED66-43E35B4F114A" name="SEATED_PK">
<createdBy>balal</createdBy>
<createdTime>2020-11-06 12:51:58 UTC</createdTime>
<generatorID>E4E5D5E6-1690-3721-2AB9-BF669B8AA031</generatorID>
<ownerDesignName>academic</ownerDesignName>
<pk>true</pk>
<indexState>Primary Constraint</indexState>
<isSurrogateKey>false</isSurrogateKey>
<indexColumnUsage>
<colUsage columnID="F6B8DBEF-B97E-C3D2-A9E0-1A95C9B815C2"/>
<colUsage columnID="294C6EE1-50E0-F380-10BB-37206856C9CE"/>
<colUsage columnID="4CF704B8-CAF4-FABF-DBC8-981D9F8826BD"/>
</indexColumnUsage>
</ind_PK_UK>
</indexes>
</Table>