Niveau,Type,P,ONYX,SAFFIER,SMARAGD,ROBIJN,DIAMANT,ID
1,ONYX,0,0,1,1,1,1,ony_n1_0
1,ONYX,0,0,2,1,1,1,ony_n1_1
1,ONYX,0,0,2,0,1,2,ony_n1_2
1,ONYX,0,1,0,1,3,0,ony_n1_3
1,ONYX,0,0,0,2,1,0,ony_n1_4
1,ONYX,0,0,0,2,0,2,ony_n1_5
1,ONYX,0,0,0,3,0,0,ony_n1_6
1,ONYX,1,0,4,0,0,0,ony_n1_7
1,SAFFIER,0,1,0,1,1,1,saf_n1_0
1,SAFFIER,0,1,0,1,2,1,saf_n1_1
1,SAFFIER,0,0,0,2,2,1,saf_n1_2
1,SAFFIER,0,0,1,3,1,0,saf_n1_3
1,SAFFIER,0,2,0,0,0,1,saf_n1_4
1,SAFFIER,0,2,0,2,0,0,saf_n1_5
1,SAFFIER,0,3,0,0,0,0,saf_n1_6
1,SAFFIER,1,0,0,0,4,0,saf_n1_7
1,DIAMANT,0,1,1,1,1,0,dia_n1_0
1,DIAMANT,0,1,1,2,1,0,dia_n1_1
1,DIAMANT,0,1,2,2,0,0,dia_n1_2
1,DIAMANT,0,1,1,0,0,3,dia_n1_3
1,DIAMANT,0,1,0,0,2,0,dia_n1_4
1,DIAMANT,0,2,2,0,0,0,dia_n1_5
1,DIAMANT,0,0,3,0,0,0,dia_n1_6
1,DIAMANT,1,0,0,4,0,0,dia_n1_7
1,SMARAGD,0,1,1,0,1,1,sma_n1_0
1,SMARAGD,0,2,1,0,1,1,sma_n1_1
1,SMARAGD,0,2,1,0,2,0,sma_n1_2
1,SMARAGD,0,0,3,1,0,1,sma_n1_3
1,SMARAGD,0,0,1,0,0,2,sma_n1_4
1,SMARAGD,0,0,2,0,2,0,sma_n1_5
1,SMARAGD,0,0,0,0,3,0,sma_n1_6
1,SMARAGD,1,4,0,0,0,0,sma_n1_7
1,ROBIJN,0,1,1,1,0,1,rob_n1_0
1,ROBIJN,0,1,1,1,0,2,rob_n1_1
1,ROBIJN,0,2,0,1,0,2,rob_n1_2
1,ROBIJN,0,3,0,0,1,1,rob_n1_3
1,ROBIJN,0,0,2,1,0,0,rob_n1_4
1,ROBIJN,0,0,0,0,2,2,rob_n1_5
1,ROBIJN,0,0,0,0,0,3,rob_n1_6
1,ROBIJN,1,0,0,0,0,4,rob_n1_7
2,ONYX,1,0,2,2,0,3,ony_n2_0
2,ONYX,1,2,0,3,0,3,ony_n2_1
2,ONYX,2,0,1,4,2,0,ony_n2_2
2,ONYX,2,0,0,5,3,0,ony_n2_3
2,ONYX,2,0,0,0,0,5,ony_n2_4
2,ONYX,3,6,0,0,0,0,ony_n2_5
2,SAFFIER,1,0,2,2,3,0,saf_n2_0
2,SAFFIER,1,3,2,3,0,0,saf_n2_1
2,SAFFIER,2,0,3,0,0,5,saf_n2_2
2,SAFFIER,2,4,0,0,1,2,saf_n2_3
2,SAFFIER,2,0,5,0,0,0,saf_n2_4
2,SAFFIER,3,0,6,0,0,0,saf_n2_5
2,DIAMANT,1,2,0,3,2,0,dia_n2_0
2,DIAMANT,1,0,3,0,3,2,dia_n2_1
2,DIAMANT,2,2,0,1,4,0,dia_n2_2
2,DIAMANT,2,3,0,0,5,0,dia_n2_3
2,DIAMANT,2,0,0,0,5,0,dia_n2_4
2,DIAMANT,3,0,0,0,0,6,dia_n2_5
2,SMARAGD,1,0,0,2,3,3,sma_n2_0
2,SMARAGD,1,2,3,0,0,2,sma_n2_1
2,SMARAGD,2,1,2,0,0,4,sma_n2_2
2,SMARAGD,2,0,5,3,0,0,sma_n2_3
2,SMARAGD,2,0,0,5,0,0,sma_n2_4
2,SMARAGD,3,0,0,6,0,0,sma_n2_5
2,ROBIJN,1,3,0,0,2,2,rob_n2_0
2,ROBIJN,1,3,3,0,2,0,rob_n2_1
2,ROBIJN,2,0,4,2,0,1,rob_n2_2
2,ROBIJN,2,5,0,0,0,3,rob_n2_3
2,ROBIJN,2,5,0,0,0,0,rob_n2_4
2,ROBIJN,3,0,0,0,6,0,rob_n2_5
3,ONYX,3,0,3,5,3,3,ony_n3_0
3,ONYX,4,0,0,0,7,0,ony_n3_1
3,ONYX,4,3,0,3,6,0,ony_n3_2
3,ONYX,5,3,0,0,7,0,ony_n3_3
3,SAFFIER,3,5,0,3,3,3,saf_n3_0
3,SAFFIER,4,0,0,0,0,7,saf_n3_1
3,SAFFIER,4,3,3,0,0,6,saf_n3_2
3,SAFFIER,5,0,3,0,0,7,saf_n3_3
3,DIAMANT,3,3,3,3,5,0,dia_n3_0
3,DIAMANT,4,7,0,0,0,0,dia_n3_1
3,DIAMANT,4,6,0,0,3,3,dia_n3_2
3,DIAMANT,5,7,0,0,0,3,dia_n3_3
3,SMARAGD,3,3,3,0,3,5,sma_n3_0
3,SMARAGD,4,0,7,0,0,0,sma_n3_1
3,SMARAGD,4,0,6,3,0,3,sma_n3_2
3,SMARAGD,5,0,7,3,0,0,sma_n3_3
3,ROBIJN,3,3,5,3,0,3,rob_n3_0
3,ROBIJN,4,0,0,7,0,0,rob_n3_1
3,ROBIJN,4,0,3,6,3,0,rob_n3_2
3,ROBIJN,5,0,0,7,3,0,rob_n3_3