<?xml version = '1.0' encoding = 'UTF-8'?>
<Diagram class="oracle.dbtools.crest.swingui.logical.DPVLogical" name="Logical" id="D1B4D87C-3AC1-83EC-19D8-D0451C62AA29">
<createdBy>balal</createdBy>
<modifiedBy>balal</modifiedBy>
<createdTime>2020-11-06 12:27:45 UTC</createdTime>
<autoRoute>false</autoRoute>
<boxInbox>true</boxInbox>
<showLegend>false</showLegend>
<showLabels>true</showLabels>
<showRelAttributes>false</showRelAttributes>
<gridEnabled>false</gridEnabled>
<showGrid>false</showGrid>
<diagramColor>-1</diagramColor>
<display>false</display>
<notation>1</notation>
<objectViews>
<OView class="oracle.dbtools.crest.swingui.logical.TVEntity" oid="258CA0D9-2749-811A-FB7E-B9C8C8843A96" otype="Entity" vid="5E8CF04A-B612-358D-8AA4-53DFDAD57071">
<hideElementsInCurrentOnly>false</hideElementsInCurrentOnly>
<bounds x="53" y="375" width="103" height="50"/>
</OView>
<OView class="oracle.dbtools.crest.swingui.logical.TVEntity" oid="2D435DF4-5D80-1772-C451-087C879FA4D9" otype="Entity" vid="DDBC8A21-CFA2-D910-A1D6-34EE42F41501">
<hideElementsInCurrentOnly>false</hideElementsInCurrentOnly>
<bounds x="394" y="169" width="81" height="52"/>
</OView>
<OView class="oracle.dbtools.crest.swingui.logical.TVEntity" oid="33587CF8-10C5-C188-3FA0-84E02753985F" otype="Entity" vid="82D1C48C-0140-F72D-D577-D9B0F295F420">
<hideElementsInCurrentOnly>false</hideElementsInCurrentOnly>
<bounds x="305" y="400" width="254" height="65"/>
</OView>
<OView class="oracle.dbtools.crest.swingui.logical.TVEntity" oid="4105B0A3-619B-31B8-EF80-67CF3F89E6C9" otype="Entity" vid="AA661705-64A4-48ED-1D9E-8D1357D435E8">
<hideElementsInCurrentOnly>false</hideElementsInCurrentOnly>
<bounds x="55" y="432" width="103" height="55"/>
</OView>
<OView class="oracle.dbtools.crest.swingui.logical.TVEntity" oid="8BA68DF1-B250-E239-A992-0267162814DC" otype="Entity" vid="2673B2CE-60D0-E9A5-225B-9DC1608DBFB3">
<hideElementsInCurrentOnly>false</hideElementsInCurrentOnly>
<bounds x="45" y="295" width="123" height="202"/>
</OView>
<OView class="oracle.dbtools.crest.swingui.logical.TVEntity" oid="AD9582BF-65C9-F77A-EC13-B350AA9D426D" otype="Entity" vid="658A88B1-7FEA-F2B2-977D-5A19E36BCFCC">
<hideElementsInCurrentOnly>false</hideElementsInCurrentOnly>
<bounds x="31" y="78" width="145" height="99"/>
</OView>
<OView class="oracle.dbtools.crest.swingui.logical.TVEntity" oid="DA27D4C1-6AF4-F2FD-5F96-FADEB2B64207" otype="Entity" vid="8FF9BF4E-0FCE-09DF-4419-F66255D453B6">
<hideElementsInCurrentOnly>false</hideElementsInCurrentOnly>
<bounds x="333" y="34" width="214" height="77"/>
</OView>
<OView class="oracle.dbtools.crest.swingui.logical.TVEntity" oid="F01CD3F6-FECD-B7DD-4561-0B8967010BB5" otype="Entity" vid="DE002848-F452-A149-E697-CE533624E2E0">
<hideElementsInCurrentOnly>false</hideElementsInCurrentOnly>
<bounds x="499" y="173" width="75" height="65"/>
</OView>
</objectViews>
<connectors>
<Connector class="oracle.dbtools.crest.swingui.logical.TVRelation" oid="04D3DA43-E870-E8FD-BA27-613AC4775AA9" otype="Relation" vid_source="658A88B1-7FEA-F2B2-977D-5A19E36BCFCC" vid_target="8FF9BF4E-0FCE-09DF-4419-F66255D453B6">
<hideElementsInCurrentOnly>false</hideElementsInCurrentOnly>
<backgroundColor>-16777216</backgroundColor>
<lineWidth>1</lineWidth>
<sourceLabel class="oracle.dbtools.crest.model.design.Label">
<site>0</site>
<labelBounds x="104" y="42" width="36" height="30"/>
<noBackgroundColor>true</noBackgroundColor>
<noForegroundColor>true</noForegroundColor>
</sourceLabel>
<targetLabel class="oracle.dbtools.crest.model.design.Label">
<site>2</site>
<labelBounds x="265" y="45" width="62" height="30"/>
<noBackgroundColor>true</noBackgroundColor>
<noForegroundColor>true</noForegroundColor>
</targetLabel>
<points>
<point x="104" y="78"/>
<point x="104" y="42"/>
<point x="333" y="42"/>
</points>
</Connector>
<Connector class="oracle.dbtools.crest.swingui.logical.TVInheritanceRelation" oid="28F84155-9E61-CBC7-FE97-65BFDF09DDB4" otype="Hierarchy relation" vid_source="2673B2CE-60D0-E9A5-225B-9DC1608DBFB3" vid_target="AA661705-64A4-48ED-1D9E-8D1357D435E8">
<hideElementsInCurrentOnly>false</hideElementsInCurrentOnly>
<backgroundColor>-65536</backgroundColor>
<lineWidth>1</lineWidth>
</Connector>
<Connector class="oracle.dbtools.crest.swingui.logical.TVRelation" oid="398B40BD-E7BA-B1DD-700C-85325B5D3570" otype="Relation" vid_source="DDBC8A21-CFA2-D910-A1D6-34EE42F41501" vid_target="8FF9BF4E-0FCE-09DF-4419-F66255D453B6">
<hideElementsInCurrentOnly>false</hideElementsInCurrentOnly>
<backgroundColor>-16777216</backgroundColor>
<lineWidth>1</lineWidth>
<sourceLabel class="oracle.dbtools.crest.model.design.Label">
<site>0</site>
<labelBounds x="419" y="133" width="36" height="30"/>
<noBackgroundColor>true</noBackgroundColor>
<noForegroundColor>true</noForegroundColor>
</sourceLabel>
<targetLabel class="oracle.dbtools.crest.model.design.Label">
<site>2</site>
<labelBounds x="419" y="155" width="34" height="30"/>
<noBackgroundColor>true</noBackgroundColor>
<noForegroundColor>true</noForegroundColor>
</targetLabel>
<points>
<point x="419" y="169"/>
<point x="419" y="111"/>
</points>
</Connector>
<Connector class="oracle.dbtools.crest.swingui.logical.TVRelation" oid="3E24BDA7-3A62-93FB-5D07-2C61FB9BAB54" otype="Relation" vid_source="DE002848-F452-A149-E697-CE533624E2E0" vid_target="8FF9BF4E-0FCE-09DF-4419-F66255D453B6">
<hideElementsInCurrentOnly>false</hideElementsInCurrentOnly>
<backgroundColor>-16777216</backgroundColor>
<lineWidth>1</lineWidth>
<sourceLabel class="oracle.dbtools.crest.model.design.Label">
<site>0</site>
<labelBounds x="523" y="141" width="31" height="26"/>
<noBackgroundColor>true</noBackgroundColor>
<noForegroundColor>true</noForegroundColor>
</sourceLabel>
<targetLabel class="oracle.dbtools.crest.model.design.Label">
<site>2</site>
<labelBounds x="523" y="159" width="34" height="30"/>
<noBackgroundColor>true</noBackgroundColor>
<noForegroundColor>true</noForegroundColor>
</targetLabel>
<points>
<point x="523" y="173"/>
<point x="523" y="111"/>
</points>
</Connector>
<Connector class="oracle.dbtools.crest.swingui.logical.TVInheritanceRelation" oid="49DEA125-7094-3E3D-BB0E-E63243760138" otype="Hierarchy relation" vid_source="2673B2CE-60D0-E9A5-225B-9DC1608DBFB3" vid_target="5E8CF04A-B612-358D-8AA4-53DFDAD57071">
<hideElementsInCurrentOnly>false</hideElementsInCurrentOnly>
<backgroundColor>-65536</backgroundColor>
<lineWidth>1</lineWidth>
</Connector>
<Connector class="oracle.dbtools.crest.swingui.logical.TVRelation" oid="714D6131-3BB6-8BB8-45A8-D59C62E67AB0" otype="Relation" vid_source="658A88B1-7FEA-F2B2-977D-5A19E36BCFCC" vid_target="2673B2CE-60D0-E9A5-225B-9DC1608DBFB3">
<hideElementsInCurrentOnly>false</hideElementsInCurrentOnly>
<backgroundColor>-16777216</backgroundColor>
<lineWidth>1</lineWidth>
<sourceLabel class="oracle.dbtools.crest.model.design.Label">
<site>0</site>
<labelBounds x="106" y="221" width="52" height="30"/>
<noBackgroundColor>true</noBackgroundColor>
<noForegroundColor>true</noForegroundColor>
</sourceLabel>
<targetLabel class="oracle.dbtools.crest.model.design.Label">
<site>2</site>
<labelBounds x="106" y="260" width="62" height="29"/>
<noBackgroundColor>true</noBackgroundColor>
<noForegroundColor>true</noForegroundColor>
</targetLabel>
<points>
<point x="106" y="177"/>
<point x="106" y="295"/>
</points>
</Connector>
<Connector class="oracle.dbtools.crest.swingui.logical.TVRelation" oid="9D3A5D4C-2648-5FB5-BE50-1C5C48262D47" otype="Relation" vid_source="8FF9BF4E-0FCE-09DF-4419-F66255D453B6" vid_target="82D1C48C-0140-F72D-D577-D9B0F295F420">
<hideElementsInCurrentOnly>false</hideElementsInCurrentOnly>
<backgroundColor>-16777216</backgroundColor>
<lineWidth>1</lineWidth>
<sourceLabel class="oracle.dbtools.crest.model.design.Label">
<site>0</site>
<labelBounds x="366" y="147" width="38" height="30"/>
<noBackgroundColor>true</noBackgroundColor>
<noForegroundColor>true</noForegroundColor>
</sourceLabel>
<targetLabel class="oracle.dbtools.crest.model.design.Label">
<site>2</site>
<labelBounds x="362" y="364" width="42" height="30"/>
<noBackgroundColor>true</noBackgroundColor>
<noForegroundColor>true</noForegroundColor>
</targetLabel>
<points>
<point x="366" y="111"/>
<point x="362" y="400"/>
</points>
</Connector>
<Connector class="oracle.dbtools.crest.swingui.logical.TVRelation" oid="9FCC81DE-5CAF-3A4B-8283-08866FFB6C34" otype="Relation" vid_source="2673B2CE-60D0-E9A5-225B-9DC1608DBFB3" vid_target="82D1C48C-0140-F72D-D577-D9B0F295F420">
<hideElementsInCurrentOnly>false</hideElementsInCurrentOnly>
<backgroundColor>-16777216</backgroundColor>
<lineWidth>1</lineWidth>
<sourceLabel class="oracle.dbtools.crest.model.design.Label">
<site>0</site>
<labelBounds x="178" y="402" width="38" height="30"/>
<noBackgroundColor>true</noBackgroundColor>
<noForegroundColor>true</noForegroundColor>
</sourceLabel>
<targetLabel class="oracle.dbtools.crest.model.design.Label">
<site>2</site>
<labelBounds x="257" y="435" width="42" height="30"/>
<noBackgroundColor>true</noBackgroundColor>
<noForegroundColor>true</noForegroundColor>
</targetLabel>
<points>
<point x="168" y="432"/>
<point x="305" y="432"/>
</points>
</Connector>
</connectors>
<arcs>
<Arc class="oracle.dbtools.crest.swingui.logical.TVArc" oid="5DC31E62-40B7-D8F5-D1D1-E1CA14AE7E29" otype="Arc" vid="C5A0D953-D8DF-D35A-6081-A80B469F0F01">
<hideElementsInCurrentOnly>false</hideElementsInCurrentOnly>
<bounds x="313" y="14" width="254" height="117"/>
</Arc>
</arcs>
</Diagram>