<?xml version = '1.0' encoding = 'UTF-8'?>
<Diagram class="oracle.dbtools.crest.swingui.relational.DPVRelational" name="Relational_1" id="1541D024-AB4C-6E60-02F8-062CCAC72C85">
<createdBy>balal</createdBy>
<modifiedBy>balal</modifiedBy>
<createdTime>2020-11-06 12:51:58 UTC</createdTime>
<autoRoute>false</autoRoute>
<boxInbox>true</boxInbox>
<showLegend>false</showLegend>
<showLabels>false</showLabels>
<showRelAttributes>false</showRelAttributes>
<gridEnabled>false</gridEnabled>
<showGrid>false</showGrid>
<diagramColor>-1</diagramColor>
<display>false</display>
<notation>1</notation>
<objectViews>
<OView class="oracle.dbtools.crest.swingui.relational.TVTable" oid="043D67D5-BFD0-FC35-9DC9-63C280B7883F" otype="Table" vid="E8919945-19FF-3C8A-7B11-4EF40BDE68AF">
<hideElementsInCurrentOnly>false</hideElementsInCurrentOnly>
<bounds x="333" y="34" width="347" height="195"/>
</OView>
<OView class="oracle.dbtools.crest.swingui.relational.TVTable" oid="24B8639B-FECF-A34A-61A1-3A82F2C15737" otype="Table" vid="060B41E9-CBC1-7902-F4C1-64E7BDE38620">
<hideElementsInCurrentOnly>false</hideElementsInCurrentOnly>
<bounds x="264" y="309" width="192" height="112"/>
</OView>
<OView class="oracle.dbtools.crest.swingui.relational.TVTable" oid="4CB5158E-93E1-7E88-83E5-E1FF44463E42" otype="Table" vid="E9E9A6BF-69FA-5899-6A0A-F8F2D9A993E4">
<hideElementsInCurrentOnly>false</hideElementsInCurrentOnly>
<bounds x="31" y="78" width="192" height="93"/>
</OView>
<OView class="oracle.dbtools.crest.swingui.relational.TVTable" oid="677EE351-4251-43C1-26F3-FCABB5EF9C49" otype="Table" vid="09F902AD-B8E6-EA08-CE0E-A36B5B5B6FD0">
<hideElementsInCurrentOnly>false</hideElementsInCurrentOnly>
<bounds x="36" y="379" width="175" height="117"/>
</OView>
<OView class="oracle.dbtools.crest.swingui.relational.TVTable" oid="871DE162-811E-6B48-4B12-323423456D5E" otype="Table" vid="2A474813-3C26-F391-9D67-17819611E589">
<hideElementsInCurrentOnly>false</hideElementsInCurrentOnly>
<bounds x="32" y="515" width="179" height="97"/>
</OView>
<OView class="oracle.dbtools.crest.swingui.relational.TVTable" oid="9AB19A82-852F-14F6-0349-5CA470F697EC" otype="Table" vid="4DED1193-7E2D-1FB6-7BAE-91B70DF06AC7">
<hideElementsInCurrentOnly>false</hideElementsInCurrentOnly>
<bounds x="21" y="226" width="208" height="397"/>
</OView>
<OView class="oracle.dbtools.crest.swingui.relational.TVTable" oid="E71B50A0-528E-CFA0-4CA2-3512A182C339" otype="Table" vid="76C1E20D-7B39-0AE5-B8A2-CF0AF1CF256E">
<hideElementsInCurrentOnly>false</hideElementsInCurrentOnly>
<bounds x="383" y="475" width="254" height="157"/>
</OView>
<OView class="oracle.dbtools.crest.swingui.relational.TVTable" oid="FFCF3450-8F68-8558-8E3A-83C336488FE6" otype="Table" vid="5D4454DC-D741-480D-9AEB-F57397B68BEF">
<hideElementsInCurrentOnly>false</hideElementsInCurrentOnly>
<bounds x="543" y="308" width="185" height="90"/>
</OView>
</objectViews>
<connectors>
<Connector class="oracle.dbtools.crest.swingui.relational.TVFKRelation" oid="01420B51-994D-72BE-2C47-65EF5F0D2151" otype="FKIndexAssociation" vid_source="4DED1193-7E2D-1FB6-7BAE-91B70DF06AC7" vid_target="09F902AD-B8E6-EA08-CE0E-A36B5B5B6FD0">
<hideElementsInCurrentOnly>false</hideElementsInCurrentOnly>
<backgroundColor>-16777216</backgroundColor>
<lineWidth>1</lineWidth>
<points>
<point x="229" y="437"/>
<point x="36" y="437"/>
</points>
</Connector>
<Connector class="oracle.dbtools.crest.swingui.relational.TVFKRelation" oid="23E7EF5B-F9C0-97E2-657A-075EEE47F37D" otype="FKIndexAssociation" vid_source="E8919945-19FF-3C8A-7B11-4EF40BDE68AF" vid_target="76C1E20D-7B39-0AE5-B8A2-CF0AF1CF256E">
<hideElementsInCurrentOnly>false</hideElementsInCurrentOnly>
<backgroundColor>-16777216</backgroundColor>
<lineWidth>1</lineWidth>
<points>
<point x="510" y="229"/>
<point x="510" y="475"/>
</points>
</Connector>
<Connector class="oracle.dbtools.crest.swingui.relational.TVFKRelation" oid="3ADE2981-6252-C9DC-232B-93D5AC554627" otype="FKIndexAssociation" vid_source="060B41E9-CBC1-7902-F4C1-64E7BDE38620" vid_target="E8919945-19FF-3C8A-7B11-4EF40BDE68AF">
<hideElementsInCurrentOnly>false</hideElementsInCurrentOnly>
<backgroundColor>-16777216</backgroundColor>
<lineWidth>1</lineWidth>
<points>
<point x="394" y="309"/>
<point x="394" y="229"/>
</points>
</Connector>
<Connector class="oracle.dbtools.crest.swingui.relational.TVFKRelation" oid="7514D206-A6EA-3398-9B04-C857698E18D1" otype="FKIndexAssociation" vid_source="4DED1193-7E2D-1FB6-7BAE-91B70DF06AC7" vid_target="76C1E20D-7B39-0AE5-B8A2-CF0AF1CF256E">
<hideElementsInCurrentOnly>false</hideElementsInCurrentOnly>
<backgroundColor>-16777216</backgroundColor>
<lineWidth>1</lineWidth>
<points>
<point x="229" y="549"/>
<point x="383" y="549"/>
</points>
</Connector>
<Connector class="oracle.dbtools.crest.swingui.relational.TVFKRelation" oid="ADF268C7-E39B-7006-2FA2-022F0D5D0D3B" otype="FKIndexAssociation" vid_source="E9E9A6BF-69FA-5899-6A0A-F8F2D9A993E4" vid_target="4DED1193-7E2D-1FB6-7BAE-91B70DF06AC7">
<hideElementsInCurrentOnly>false</hideElementsInCurrentOnly>
<backgroundColor>-16777216</backgroundColor>
<lineWidth>1</lineWidth>
<points>
<point x="127" y="171"/>
<point x="127" y="226"/>
</points>
</Connector>
<Connector class="oracle.dbtools.crest.swingui.relational.TVFKRelation" oid="C510AE96-6FE7-FAA2-1E13-470D8B9C5408" otype="FKIndexAssociation" vid_source="4DED1193-7E2D-1FB6-7BAE-91B70DF06AC7" vid_target="2A474813-3C26-F391-9D67-17819611E589">
<hideElementsInCurrentOnly>false</hideElementsInCurrentOnly>
<backgroundColor>-16777216</backgroundColor>
<lineWidth>1</lineWidth>
<points>
<point x="229" y="563"/>
<point x="32" y="563"/>
</points>
</Connector>
<Connector class="oracle.dbtools.crest.swingui.relational.TVFKRelation" oid="F10F56A6-AEF4-CF88-47B3-C58B6A377DC1" otype="FKIndexAssociation" vid_source="E9E9A6BF-69FA-5899-6A0A-F8F2D9A993E4" vid_target="E8919945-19FF-3C8A-7B11-4EF40BDE68AF">
<hideElementsInCurrentOnly>false</hideElementsInCurrentOnly>
<backgroundColor>-16777216</backgroundColor>
<lineWidth>1</lineWidth>
<points>
<point x="104" y="78"/>
<point x="104" y="42"/>
<point x="333" y="42"/>
</points>
</Connector>
<Connector class="oracle.dbtools.crest.swingui.relational.TVFKRelation" oid="FD4E9880-98B3-81A2-D5DA-6F82F872AD0C" otype="FKIndexAssociation" vid_source="5D4454DC-D741-480D-9AEB-F57397B68BEF" vid_target="E8919945-19FF-3C8A-7B11-4EF40BDE68AF">
<hideElementsInCurrentOnly>false</hideElementsInCurrentOnly>
<backgroundColor>-16777216</backgroundColor>
<lineWidth>1</lineWidth>
<points>
<point x="611" y="308"/>
<point x="611" y="229"/>
</points>
</Connector>
</connectors>
<arcs>
<Arc class="oracle.dbtools.crest.swingui.relational.TVFKArc" oid="10AF3BB9-FCDA-DE9C-D68B-B03BB4EDAA61" otype="FKArc" vid="404A9D65-ABFB-5A2E-4BFE-58D87EB8C7B4">
<hideElementsInCurrentOnly>false</hideElementsInCurrentOnly>
<bounds x="313" y="14" width="387" height="235"/>
</Arc>
<Arc class="oracle.dbtools.crest.swingui.relational.TVFKArc" oid="5FBFE57B-90DD-419C-F6FE-00FE49236C77" otype="FKArc" vid="F6C92615-4038-2411-1AFB-CDD1723AB68B">
<hideElementsInCurrentOnly>false</hideElementsInCurrentOnly>
<bounds x="1" y="206" width="248" height="437"/>
</Arc>
</arcs>
</Diagram>